-- phpMyAdmin SQL Dump
-- version 3.4.11.1
-- http://www.phpmyadmin.net
--
-- Host: localhost
-- Generation Time: Dec 23, 2014 at 02:26 AM
-- Server version: 5.5.40
-- PHP Version: 5.4.23

SET SQL_MODE="NO_AUTO_VALUE_ON_ZERO";
SET time_zone = "+00:00";


/*!40101 SET @OLD_CHARACTER_SET_CLIENT=@@CHARACTER_SET_CLIENT */;
/*!40101 SET @OLD_CHARACTER_SET_RESULTS=@@CHARACTER_SET_RESULTS */;
/*!40101 SET @OLD_COLLATION_CONNECTION=@@COLLATION_CONNECTION */;
/*!40101 SET NAMES utf8 */;

--
-- Database: `logictho_inventory`
--

-- --------------------------------------------------------

--
-- Table structure for table `authorised_person`
--

CREATE TABLE IF NOT EXISTS `authorised_person` (
  `id` int(11) NOT NULL AUTO_INCREMENT,
  `name` varchar(100) NOT NULL,
  `designation` varchar(100) NOT NULL,
  `mobile_no` varchar(50) NOT NULL,
  `phone_no` varchar(50) NOT NULL,
  `status` tinyint(1) NOT NULL,
  PRIMARY KEY (`id`)
) ENGINE=InnoDB  DEFAULT CHARSET=latin1 AUTO_INCREMENT=8 ;

--
-- Dumping data for table `authorised_person`
--

INSERT INTO `authorised_person` (`id`, `name`, `designation`, `mobile_no`, `phone_no`, `status`) VALUES
(1, 'S M Muzaddid', 'M D', '01711837576', '01747946805', 1),
(2, 'Raisul Islam', 'Chairman', '01674813469', '028189700-200', 1),
(3, 'Shovon Mahmud', 'Exeicutive Business Development', '01755943292', '01675580093', 1),
(4, 'Rokshana Khanam', 'Accountant', '01850505105', '028189700-102', 1),
(5, 'Badrul Alam', 'G M', '01776465585', '028189700-102', 1),
(6, 'Anamul', 'Accounts & Finance', '01914955218', 'N/L', 1),
(7, 'Nasrin Akter Nishat', 'Manager', '01717463366', '...........', 1);

-- --------------------------------------------------------

--
-- Table structure for table `bank_add`
--

CREATE TABLE IF NOT EXISTS `bank_add` (
  `bank_id` int(11) NOT NULL AUTO_INCREMENT,
  `bank_name` varchar(255) NOT NULL,
  `status` int(2) NOT NULL,
  PRIMARY KEY (`bank_id`)
) ENGINE=InnoDB DEFAULT CHARSET=latin1 AUTO_INCREMENT=1 ;

-- --------------------------------------------------------

--
-- Table structure for table `customer_information`
--

CREATE TABLE IF NOT EXISTS `customer_information` (
  `customer_id` int(11) NOT NULL AUTO_INCREMENT,
  `customer_name` varchar(255) NOT NULL,
  `customer_address` varchar(255) NOT NULL,
  `customer_mobile` varchar(100) NOT NULL,
  `customer_email` varchar(100) NOT NULL,
  `status` int(2) NOT NULL,
  PRIMARY KEY (`customer_id`)
) ENGINE=MyISAM  DEFAULT CHARSET=latin1 AUTO_INCREMENT=32 ;

--
-- Dumping data for table `customer_information`
--

INSERT INTO `customer_information` (`customer_id`, `customer_name`, `customer_address`, `customer_mobile`, `customer_email`, `status`) VALUES
(1, 'Brac Bank Gulshan-1(Branch)', 'H-50,(1st floor), Road-03, P-02, Gulshan Avenue, Gulshan-1, Dhaka-1212', '01732172582', 'bracbank.com', 1),
(5, 'Brac Bank Natun bazar Branch', '1020 Miah Bhai Plaza(1st floor), Natun Bazar, Gulshan, Dhaka-1212', '01718127274', 'nbazar@bracbank.com', 1),
(3, 'Brac Bank Karwan Bazar SSC', 'Holding No: 92, Kazi Nazrul Islam Avenue. Dhaka-1215', '01672947945', 'Kbazar@bracbank.com', 1),
(4, 'Brac Bank Dhanmondi Brance', 'Rupayan Khan Plaza, Holding-m508, R-7, W-59, Dhanmondi', '01730097912', 'dhan@bracbank.com', 1),
(6, 'Brac Bank Satmasjid Road Branch', 'Green Alshay Plaza (1st & 2nd floor), Satmasjid road, Jigatola, Dhanmondi, Dhaka', '01977481166', 'sat@bracbank.com', 1),
(7, 'Brac Bank Elephant Road Branch', 'H-136, Ground Floor, Elephant Road, Dhaka-1205', '01720357108', 'elep@bracbank.com', 1),
(8, 'Digicon Technologies ltd.(Rajuk)', 'Rajuk Trade center, 4th floor, Nikunja(Uttara), Residential Area, P-4 & 6', '01678692097', '..@....', 1),
(9, 'Digicon Technologies ltd. (Tejgaon)', '242, Tejgaon 1/A, Gulshan Link Road, Dhaka-1208', '01678665031', '..@....', 1),
(10, 'Digicon Technologies ltd.(Motijheel)', 'Dilkusha post office building, 3rd floor, Motijheel, Dhaka-1223', '01678665031', '..@....', 1),
(11, 'Getco Telecommunication ltd', 'Building1/c, 1st & 2nd floor, H-10, Baridhara, Dhaka-1212', '01730316779', '..@....', 1),
(12, 'Bangla Telecom ltd', 'Red Crescent Borak Tower (level-7), 71-72 Old Elephant Road, Eskaton Garden, Dhaka-1000', '01755648415', '..@....', 1),
(13, 'Buildtrade Engineering ltd', 'Dhaka Trade Center, Level-6, 99 kazi Nazrul Islam Avenue, Kawran Bazar, Dhaka-1215', '017....', '..@....', 1),
(14, 'Celex Limited', 'H-100, R-08, Block-F(2nd floor), Banani Model Town, dhaka-1213', '07819368961', '..@....', 1),
(15, 'Akmatro.com', 'Dhaka Trad center, 99kazi NAzrul Islam Avenue, Kawran bazar Dhaka-1215', '01839101101', 'info@akmatro.com', 1),
(16, 'Merits Technologies ', 'Dhaka Trade center, 99 Kazi Nazrul Islam Avenue, Kawran Bazar Dhaka-1215', '01711.............', 'asadd@asad', 1),
(17, 'Fish.com.bd', 'Dhaka trade center 99 Kazi nazrul Islam Avenue, Kawran Bazar, Dhaka-1215', '01839101101', 'ddh@kjskd', 1),
(18, 'Reaisbd.com', 'Dhaka trade center 99 Kazi Nazrul Islam Avenue kawran bazar dhaka-1215', '01711.............', 's@kd', 1),
(19, 'APL Logistics ', 'APL ( Bangladesh ) Pvt Ltd.65,Gulshan Avenue, Dhaka-1212', '01729078286', 'jashim_Uddin@apl.com', 1),
(24, 'KGS Sourcing Ltd', 'ABC Heritage 6/F,Plot # 2 & 4, Sector # 3		\nJashimuddin Avenue,Uttara C/A		\nDhaka-1230,Bangladesh	\n\nAttention : Md. Ariful Islam,ADMIN & HR officer', '01717955425', '-@-', 1),
(25, 'Brac Bank Gulshan-1(PB)', 'H-50,(1st floor), Road-03, P-02, Gulshan Avenue, Gulshan-1, Dhaka-1212', '01732172582', 'bracbank.com', 1),
(26, 'Niketon', 'Niketon, 2 no Road, Block: A', '01925586986', '...@....', 1),
(27, 'Morninr Bites', 'Baridhara bashundhara', '01675580093', '...@....', 1),
(28, 'Bantel', 'Sumona Goni Trade Center, Level-2, 6, plot - 2, panthopath, Kawran Bazer, Dhaka-1215,', '01778302035', 'info@bantelicx.com', 1),
(29, 'Brac Bank Asad Gate ', 'H-01, Plot-01, asad gate, Mirpur Road, Dhaka - 1204.', '01713375812', 'info@bracbank.com', 1),
(31, 'IFIC Bank Mobile Banking Division-Mr. Iqbal', 'Nina Kabbo, 227/A Tejgaon-Gulshan Link Road, ward-37, PS. Tejgaon, Dhaka.', ' 01199800134', 'N/A', 1);

-- --------------------------------------------------------

--
-- Table structure for table `customer_ledger`
--

CREATE TABLE IF NOT EXISTS `customer_ledger` (
  `transaction_id` int(11) NOT NULL AUTO_INCREMENT,
  `customer_id` int(11) NOT NULL,
  `invoice_no` int(11) DEFAULT NULL,
  `receipt_no` int(11) DEFAULT NULL,
  `amount` float NOT NULL,
  `description` varchar(255) NOT NULL,
  `payment_type` varchar(255) NOT NULL,
  `cheque_no` varchar(255) NOT NULL,
  `date` datetime NOT NULL,
  `status` int(2) NOT NULL,
  PRIMARY KEY (`transaction_id`),
  KEY `receipt_no` (`receipt_no`),
  KEY `receipt_no_2` (`receipt_no`),
  KEY `receipt_no_3` (`receipt_no`),
  KEY `receipt_no_4` (`receipt_no`)
) ENGINE=MyISAM  DEFAULT CHARSET=latin1 AUTO_INCREMENT=141 ;

--
-- Dumping data for table `customer_ledger`
--

INSERT INTO `customer_ledger` (`transaction_id`, `customer_id`, `invoice_no`, `receipt_no`, `amount`, `description`, `payment_type`, `cheque_no`, `date`, `status`) VALUES
(1, 15, 1, NULL, 0, '', '', '', '2014-09-13 00:00:00', 1),
(2, 18, 2, NULL, 0, '', '', '', '2014-09-13 00:00:00', 1),
(3, 17, 3, NULL, 0, '', '', '', '2014-09-13 00:00:00', 1),
(4, 9, 4, NULL, 0, '', '', '', '2014-09-14 00:00:00', 1),
(6, 10, 6, NULL, 0, '', '', '', '2014-09-16 00:00:00', 1),
(7, 6, 7, NULL, 0, '', '', '', '2014-09-16 00:00:00', 1),
(8, 24, 8, NULL, 0, '', '', '', '2014-09-21 00:00:00', 1),
(9, 13, 9, NULL, 0, '', '', '', '2014-09-22 00:00:00', 1),
(10, 24, 10, NULL, 0, '', '', '', '2014-09-25 00:00:00', 1),
(11, 8, 11, NULL, 0, '', '', '', '2014-09-25 00:00:00', 1),
(12, 10, 12, NULL, 0, '', '', '', '2014-09-27 00:00:00', 1),
(13, 9, 13, NULL, 0, '', '', '', '2014-09-27 00:00:00', 1),
(14, 1, 14, NULL, 0, '', '', '', '2014-09-28 00:00:00', 1),
(15, 25, 15, NULL, 0, '', '', '', '2014-09-28 00:00:00', 1),
(16, 1, 16, NULL, 0, '', '', '', '2014-09-28 00:00:00', 1),
(17, 25, 17, NULL, 0, '', '', '', '2014-09-28 00:00:00', 1),
(18, 1, 18, NULL, 0, '', '', '', '2014-09-28 00:00:00', 1),
(19, 25, 19, NULL, 0, '', '', '', '2014-09-28 00:00:00', 1),
(20, 15, 20, NULL, 0, '', '', '', '2014-09-28 00:00:00', 1),
(21, 15, 21, NULL, 0, '', '', '', '2014-09-28 00:00:00', 1),
(22, 26, 22, NULL, 0, '', '', '', '2014-09-28 00:00:00', 1),
(23, 1, 23, NULL, 0, '', '', '', '2014-09-29 00:00:00', 1),
(24, 3, 24, NULL, 0, '', '', '', '2014-09-29 00:00:00', 1),
(25, 6, 25, NULL, 0, '', '', '', '2014-09-29 00:00:00', 1),
(26, 6, 26, NULL, 0, '', '', '', '2014-09-29 00:00:00', 1),
(27, 6, 27, NULL, 0, '', '', '', '2014-09-29 00:00:00', 1),
(28, 5, 28, NULL, 0, '', '', '', '2014-09-29 00:00:00', 1),
(29, 5, 29, NULL, 0, '', '', '', '2014-09-29 00:00:00', 1),
(30, 5, 30, NULL, 0, '', '', '', '2014-09-29 00:00:00', 1),
(31, 4, 31, NULL, 0, '', '', '', '2014-09-29 00:00:00', 1),
(32, 4, 32, NULL, 0, '', '', '', '2014-09-29 00:00:00', 1),
(33, 4, 33, NULL, 0, '', '', '', '2014-09-29 00:00:00', 1),
(34, 13, 34, NULL, 0, '', '', '', '2014-10-01 00:00:00', 1),
(35, 19, 35, NULL, 0, '', '', '', '2014-10-12 00:00:00', 1),
(36, 15, 36, NULL, 0, '', '', '', '2014-10-13 00:00:00', 1),
(38, 11, 38, NULL, 0, '', '', '', '2014-10-14 00:00:00', 1),
(39, 9, 39, NULL, 0, '', '', '', '2014-10-15 00:00:00', 1),
(40, 1, 40, NULL, 0, '', '', '', '2014-10-16 00:00:00', 1),
(48, 9, 48, NULL, 0, '', '', '', '2014-10-22 00:00:00', 1),
(47, 15, 47, NULL, 0, '', '', '', '2014-10-17 00:00:00', 1),
(49, 16, 49, NULL, 0, '', '', '', '2014-10-22 00:00:00', 1),
(45, 27, 45, NULL, 0, '', '', '', '2014-10-18 00:00:00', 1),
(52, 24, 52, NULL, 0, '', '', '', '2014-10-21 00:00:00', 1),
(51, 13, 51, NULL, 0, '', '', '', '2014-10-23 00:00:00', 1),
(53, 24, 53, NULL, 0, '', '', '', '2014-10-26 00:00:00', 1),
(54, 9, 54, NULL, 0, '', '', '', '2014-10-26 00:00:00', 1),
(55, 8, 55, NULL, 0, '', '', '', '2014-10-28 00:00:00', 1),
(56, 10, 56, NULL, 0, '', '', '', '2014-10-28 00:00:00', 1),
(57, 3, 57, NULL, 0, '', '', '', '2014-10-28 00:00:00', 1),
(59, 25, 59, NULL, 0, '', '', '', '2014-10-30 00:00:00', 1),
(60, 25, 60, NULL, 0, '', '', '', '2014-10-30 00:00:00', 1),
(61, 25, 61, NULL, 0, '', '', '', '2014-10-30 00:00:00', 1),
(62, 1, 62, NULL, 0, '', '', '', '2014-10-30 00:00:00', 1),
(63, 1, 63, NULL, 0, '', '', '', '2014-10-30 00:00:00', 1),
(64, 1, 64, NULL, 0, '', '', '', '2014-10-30 00:00:00', 1),
(65, 15, 65, NULL, 0, '', '', '', '2014-11-02 00:00:00', 1),
(66, 16, 66, NULL, 0, '', '', '', '2014-11-02 00:00:00', 1),
(67, 9, 67, NULL, 0, '', '', '', '2014-11-02 00:00:00', 1),
(68, 5, 68, NULL, 0, '', '', '', '2014-11-02 00:00:00', 1),
(69, 5, 69, NULL, 0, '', '', '', '2014-11-02 00:00:00', 1),
(70, 5, 70, NULL, 0, '', '', '', '2014-11-02 00:00:00', 1),
(71, 12, 71, NULL, 0, '', '', '', '2014-11-03 00:00:00', 1),
(72, 4, 72, NULL, 0, '', '', '', '2014-11-03 00:00:00', 1),
(73, 4, 73, NULL, 0, '', '', '', '2014-11-03 00:00:00', 1),
(74, 4, 74, NULL, 0, '', '', '', '2014-11-03 00:00:00', 1),
(75, 6, 75, NULL, 0, '', '', '', '2014-11-03 00:00:00', 1),
(76, 6, 76, NULL, 0, '', '', '', '2014-11-03 00:00:00', 1),
(77, 6, 77, NULL, 0, '', '', '', '2014-11-03 00:00:00', 1),
(78, 28, 78, NULL, 0, '', '', '', '2014-11-03 00:00:00', 1),
(79, 17, 79, NULL, 0, '', '', '', '2014-11-03 00:00:00', 1),
(80, 29, 80, NULL, 0, '', '', '', '2014-11-03 00:00:00', 1),
(81, 29, 81, NULL, 0, '', '', '', '2014-11-03 00:00:00', 1),
(82, 29, 82, NULL, 0, '', '', '', '2014-11-03 00:00:00', 1),
(83, 11, 83, NULL, 0, '', '', '', '2014-11-09 00:00:00', 1),
(84, 24, 84, NULL, 0, '', '', '', '2014-10-27 00:00:00', 1),
(134, 11, 134, NULL, 0, '', '', '', '2014-12-08 00:00:00', 1),
(86, 24, 86, NULL, 0, '', '', '', '2014-10-17 00:00:00', 1),
(87, 24, 87, NULL, 0, '', '', '', '2014-10-17 00:00:00', 1),
(88, 24, 88, NULL, 0, '', '', '', '2014-10-31 00:00:00', 1),
(89, 24, 89, NULL, 0, '', '', '', '2014-10-31 00:00:00', 1),
(90, 24, 90, NULL, 0, '', '', '', '2014-11-06 00:00:00', 1),
(91, 24, 91, NULL, 0, '', '', '', '2014-11-06 00:00:00', 1),
(92, 9, 92, NULL, 0, '', '', '', '2014-11-16 00:00:00', 1),
(93, 9, 93, NULL, 0, '', '', '', '2014-11-16 00:00:00', 1),
(94, 16, 94, NULL, 0, '', '', '', '2014-11-16 00:00:00', 1),
(95, 9, 95, NULL, 0, '', '', '', '2014-11-21 00:00:00', 1),
(96, 24, 96, NULL, 0, '', '', '', '2014-11-22 00:00:00', 1),
(97, 24, 97, NULL, 0, '', '', '', '2014-11-22 00:00:00', 1),
(121, 25, 121, NULL, 0, '', '', '', '2014-12-01 00:00:00', 1),
(99, 8, 99, NULL, 0, '', '', '', '2014-11-26 00:00:00', 1),
(100, 9, 100, NULL, 0, '', '', '', '2014-11-26 00:00:00', 1),
(101, 13, 101, NULL, 0, '', '', '', '2014-11-26 00:00:00', 1),
(102, 13, 102, NULL, 0, '', '', '', '2014-11-26 00:00:00', 1),
(103, 26, 103, NULL, 0, '', '', '', '2014-11-28 00:00:00', 1),
(104, 5, 104, NULL, 0, '', '', '', '2014-11-29 00:00:00', 1),
(105, 5, 105, NULL, 0, '', '', '', '2014-11-29 00:00:00', 1),
(106, 5, 106, NULL, 0, '', '', '', '2014-11-29 00:00:00', 1),
(107, 10, 107, NULL, 0, '', '', '', '2014-11-29 00:00:00', 1),
(108, 3, 108, NULL, 0, '', '', '', '2014-11-29 00:00:00', 1),
(109, 3, 109, NULL, 0, '', '', '', '2014-11-29 00:00:00', 1),
(110, 9, 110, NULL, 0, '', '', '', '2014-11-29 00:00:00', 1),
(111, 9, 111, NULL, 0, '', '', '', '2014-11-29 00:00:00', 1),
(112, 28, 112, NULL, 0, '', '', '', '2014-12-01 00:00:00', 1),
(113, 28, 113, NULL, 0, '', '', '', '2014-12-01 00:00:00', 1),
(114, 28, 114, NULL, 0, '', '', '', '2014-12-01 00:00:00', 1),
(115, 29, 115, NULL, 0, '', '', '', '2014-12-01 00:00:00', 1),
(116, 29, 116, NULL, 0, '', '', '', '2014-12-01 00:00:00', 1),
(117, 29, 117, NULL, 0, '', '', '', '2014-12-01 00:00:00', 1),
(118, 4, 118, NULL, 0, '', '', '', '2014-12-01 00:00:00', 1),
(119, 4, 119, NULL, 0, '', '', '', '2014-12-01 00:00:00', 1),
(120, 4, 120, NULL, 0, '', '', '', '2014-12-01 00:00:00', 1),
(122, 25, 122, NULL, 0, '', '', '', '2014-12-01 00:00:00', 1),
(123, 25, 123, NULL, 0, '', '', '', '2014-12-01 00:00:00', 1),
(124, 1, 124, NULL, 0, '', '', '', '2014-12-01 00:00:00', 1),
(125, 1, 125, NULL, 0, '', '', '', '2014-12-01 00:00:00', 1),
(126, 1, 126, NULL, 0, '', '', '', '2014-12-01 00:00:00', 1),
(127, 6, 127, NULL, 0, '', '', '', '2014-12-02 00:00:00', 1),
(128, 6, 128, NULL, 0, '', '', '', '2014-12-02 00:00:00', 1),
(129, 6, 129, NULL, 0, '', '', '', '2014-12-02 00:00:00', 1),
(130, 11, 130, NULL, 0, '', '', '', '2014-12-02 00:00:00', 1),
(131, 24, 131, NULL, 0, '', '', '', '2014-11-28 00:00:00', 1),
(132, 24, 132, NULL, 0, '', '', '', '2014-11-28 00:00:00', 1),
(133, 24, 133, NULL, 0, '', '', '', '2014-11-27 00:00:00', 1),
(135, 15, 135, NULL, 0, '', '', '', '2014-12-09 00:00:00', 1),
(136, 31, 136, NULL, 0, '', '', '', '2014-12-09 00:00:00', 1),
(137, 31, 137, NULL, 0, '', '', '', '2014-12-09 00:00:00', 1),
(138, 9, 138, NULL, 0, '', '', '', '2014-12-18 00:00:00', 1),
(139, 24, 139, NULL, 0, '', '', '', '2014-12-04 00:00:00', 1),
(140, 24, 140, NULL, 0, '', '', '', '2014-12-04 00:00:00', 1);

-- --------------------------------------------------------

--
-- Table structure for table `daily_banking_add`
--

CREATE TABLE IF NOT EXISTS `daily_banking_add` (
  `banking_id` int(11) NOT NULL AUTO_INCREMENT,
  `date` datetime NOT NULL,
  `bank_id` int(11) NOT NULL,
  `deposit_type` varchar(255) NOT NULL,
  `transaction_type` varchar(255) NOT NULL,
  `description` text NOT NULL,
  `amount` int(11) NOT NULL,
  `status` int(2) NOT NULL,
  PRIMARY KEY (`banking_id`)
) ENGINE=InnoDB DEFAULT CHARSET=latin1 AUTO_INCREMENT=1 ;

-- --------------------------------------------------------

--
-- Table structure for table `daily_closing`
--

CREATE TABLE IF NOT EXISTS `daily_closing` (
  `closing_id` int(11) NOT NULL AUTO_INCREMENT,
  `last_day_closing` float NOT NULL,
  `sales_in_cheque` int(11) NOT NULL,
  `sales_in_cash` float NOT NULL,
  `cheque_to_cash` int(11) NOT NULL,
  `date` datetime NOT NULL,
  `expense` float NOT NULL,
  `drawing` float NOT NULL,
  `amount` float NOT NULL,
  `adjusment` int(11) NOT NULL,
  `status` int(2) NOT NULL,
  PRIMARY KEY (`closing_id`)
) ENGINE=InnoDB DEFAULT CHARSET=latin1 AUTO_INCREMENT=1 ;

-- --------------------------------------------------------

--
-- Table structure for table `drawing_add`
--

CREATE TABLE IF NOT EXISTS `drawing_add` (
  `drawing_id` int(11) NOT NULL AUTO_INCREMENT,
  `date` datetime NOT NULL,
  `drawing_title` varchar(255) NOT NULL,
  `description` text NOT NULL,
  `amount` float NOT NULL,
  `status` int(2) NOT NULL,
  PRIMARY KEY (`drawing_id`)
) ENGINE=InnoDB DEFAULT CHARSET=latin1 AUTO_INCREMENT=1 ;

-- --------------------------------------------------------

--
-- Table structure for table `expence_add`
--

CREATE TABLE IF NOT EXISTS `expence_add` (
  `expence_id` int(11) NOT NULL AUTO_INCREMENT,
  `date` datetime NOT NULL,
  `expence_title` varchar(255) NOT NULL,
  `description` text NOT NULL,
  `amount` float NOT NULL,
  `status` int(2) NOT NULL,
  PRIMARY KEY (`expence_id`)
) ENGINE=InnoDB DEFAULT CHARSET=latin1 AUTO_INCREMENT=1 ;

-- --------------------------------------------------------

--
-- Table structure for table `head_office_deposit`
--

CREATE TABLE IF NOT EXISTS `head_office_deposit` (
  `deposit_id` int(11) NOT NULL AUTO_INCREMENT,
  `date` datetime NOT NULL,
  `description` varchar(255) NOT NULL,
  `amount` float NOT NULL,
  `status` int(2) NOT NULL,
  PRIMARY KEY (`deposit_id`)
) ENGINE=MyISAM DEFAULT CHARSET=latin1 AUTO_INCREMENT=1 ;

-- --------------------------------------------------------

--
-- Table structure for table `invoice`
--

CREATE TABLE IF NOT EXISTS `invoice` (
  `invoice_id` int(11) NOT NULL AUTO_INCREMENT,
  `customer_id` varchar(100) NOT NULL,
  `created_on` datetime NOT NULL,
  `amount` int(11) NOT NULL,
  `edited_on` datetime NOT NULL,
  `created_by_id` varchar(100) NOT NULL,
  `edited_by_id` varchar(100) NOT NULL,
  `invoice_no` varchar(255) NOT NULL,
  `discount` float NOT NULL,
  `adjustment` float NOT NULL,
  `authorised_by_id` int(11) NOT NULL,
  `terms_and_condi` varchar(255) NOT NULL,
  `status` int(2) NOT NULL,
  PRIMARY KEY (`invoice_id`)
) ENGINE=MyISAM  DEFAULT CHARSET=latin1 AUTO_INCREMENT=141 ;

--
-- Dumping data for table `invoice`
--

INSERT INTO `invoice` (`invoice_id`, `customer_id`, `created_on`, `amount`, `edited_on`, `created_by_id`, `edited_by_id`, `invoice_no`, `discount`, `adjustment`, `authorised_by_id`, `terms_and_condi`, `status`) VALUES
(1, '15', '2014-09-13 00:00:00', 0, '0000-00-00 00:00:00', 'rokshana@akmatro.com', '', 'INV-AKM-2014090001', 4, 0, 4, '*Cash paid after delivery.\n*\n ', 1),
(2, '18', '2014-09-13 00:00:00', 0, '0000-00-00 00:00:00', 'rokshana@akmatro.com', '', 'INV-REA-2014090001', 0, 0, 4, '* Cash paid after delivery.\n*', 1),
(3, '17', '2014-09-13 00:00:00', 0, '0000-00-00 00:00:00', 'rokshana@akmatro.com', '', 'INV-FIS-2014090001', 0, 0, 4, '*Cash paid after delivery.', 1),
(4, '9', '2014-09-14 00:00:00', 0, '2014-09-14 00:00:00', 'shovon@akmatro.com', 'shovon@akmatro.com', 'INV-DIG-2014090001', 0, 0, 3, 'Account Name : Akmatro.com\nAccount Number: A/C-1540202770225001', 1),
(7, '6', '2014-09-16 00:00:00', 0, '0000-00-00 00:00:00', 'shovon@akmatro.com', '', 'INV-BRA-2014090001', 0, 0, 3, 'If you have any queries or clarifications needed about the commercials please feel free to contact us.\nAccounts details:\nAccount Name : Akmatro.com\nAccount Number: A/C-1540202770225001', 1),
(6, '10', '2014-09-15 00:00:00', 0, '2014-09-16 00:00:00', 'shovon@akmatro.com', 'admin@admin.com', 'INV-DIG-2014090001', 0, 0, 3, 'Account Name : Akmatro.com<br />\nAccount Number: A/C-1540202770225001', 1),
(8, '24', '2014-09-21 00:00:00', 0, '2014-09-21 00:00:00', 'shovon@akmatro.com', 'shovon@akmatro.com', 'INV-KGS-2014090001', 0, -394, 3, 'Account Name : Akmatro.com,  Account Number: A/C-1540202770225001', 1),
(9, '13', '2014-09-22 00:00:00', 0, '0000-00-00 00:00:00', 'shovon@akmatro.com', '', 'INV-BUI-2014090001', 0, 0, 3, 'Account Name : Akmatro.com,  Account Number: A/C-1540202770225001', 1),
(10, '24', '2014-09-25 00:00:00', 0, '0000-00-00 00:00:00', 'rokshana@akmatro.com', '', 'INV-KGS-2014090002', 0, 0, 4, 'Account Name : Akmatro.com,  Account Number: A/C-1540202770225001', 1),
(11, '8', '2014-09-25 00:00:00', 0, '2014-09-25 00:00:00', 'rokshana@akmatro.com', 'rokshana@akmatro.com', 'INV-DIG-2014090001', 0, 0, 4, 'Account Name : Akmatro.com,  Account Number: A/C-1540202770225001', 1),
(12, '10', '2014-09-27 00:00:00', 0, '2014-09-28 00:00:00', 'shovon@akmatro.com', 'shovon@akmatro.com', 'INV-DIG-2014090002', 0, 0, 3, 'Account Name : Akmatro.com,  Account Number: A/C-1540202770225001', 1),
(13, '9', '2014-09-27 00:00:00', 0, '0000-00-00 00:00:00', 'shovon@akmatro.com', '', 'INV-DIG-2014090002', 0, 0, 3, 'Account Name : Akmatro.com,  Account Number: A/C-1540202770225001', 1),
(14, '1', '2014-09-28 00:00:00', 0, '0000-00-00 00:00:00', 'shovon@akmatro.com', '', 'INV-BRA-2014090001', 0, 0, 3, 'Account Name : Akmatro.com,  Account Number: A/C-1540202770225001', 1),
(15, '25', '2014-09-28 00:00:00', 0, '0000-00-00 00:00:00', 'rokshana@akmatro.com', '', 'INV-BRA-2014090001', 0, 0, 3, 'Account Name : Akmatro.com,  Account Number: A/C-1540202770225001', 1),
(16, '1', '2014-09-28 00:00:00', 0, '2014-09-29 00:00:00', 'shovon@akmatro.com', 'shovon@akmatro.com', 'INV-BRA-2014090002', 0, 0, 3, 'Account Name : Akmatro.com,  Account Number: A/C-1540202770225001', 1),
(17, '25', '2014-09-28 00:00:00', 0, '0000-00-00 00:00:00', 'rokshana@akmatro.com', '', 'INV-BRA-2014090002', 0, 0, 3, 'Account Name : Akmatro.com,  Account Number: A/C-1540202770225001', 1),
(18, '1', '2014-09-28 00:00:00', 0, '0000-00-00 00:00:00', 'shovon@akmatro.com', '', 'INV-BRA-2014090003', 0, 0, 3, 'Account Name : Akmatro.com,  Account Number: A/C-1540202770225001', 1),
(19, '25', '2014-09-28 00:00:00', 0, '2014-09-29 00:00:00', 'shovon@akmatro.com', 'shovon@akmatro.com', 'INV-BRA-2014090003', 0, 0, 3, 'Account Name : Akmatro.com,  Account Number: A/C-1540202770225001', 1),
(20, '15', '2014-09-28 00:00:00', 0, '0000-00-00 00:00:00', 'rokshana@akmatro.com', '', 'INV-AKM-2014090002', 10, 0, 4, 'Account Name : Akmatro.com,  Account Number: A/C-1540202770225001', 1),
(21, '15', '2014-09-28 00:00:00', 0, '0000-00-00 00:00:00', 'rokshana@akmatro.com', '', 'INV-AKM-2014090003', 0, 0, 4, 'Account Name : Akmatro.com,  Account Number: A/C-1540202770225001', 1),
(22, '26', '2014-09-28 00:00:00', 0, '2014-10-28 00:00:00', 'rokshana@akmatro.com', 'rokshana@akmatro.com', 'INV-NIK-2014090001', 10, 0, 7, 'Account Name : Akmatro.com,  Account Number: A/C-1540202770225001', 1),
(23, '1', '2014-09-29 00:00:00', 0, '0000-00-00 00:00:00', 'shovon@akmatro.com', '', 'INV-BRA-2014090004', 0, 0, 3, 'Account Name : Akmatro.com,  Account Number: A/C-1540202770225001', 1),
(24, '3', '2014-09-29 00:00:00', 0, '0000-00-00 00:00:00', 'shovon@akmatro.com', '', 'INV-BRA-2014090001', 0, 0, 3, 'Account Name : Akmatro.com,  Account Number: A/C-1540202770225001', 1),
(25, '6', '2014-09-29 00:00:00', 0, '0000-00-00 00:00:00', 'shovon@akmatro.com', '', 'INV-BRA-2014090002', 0, 0, 3, 'Account Name : Akmatro.com,  Account Number: A/C-1540202770225001', 1),
(26, '6', '2014-09-29 00:00:00', 0, '0000-00-00 00:00:00', 'shovon@akmatro.com', '', 'INV-BRA-2014090003', 0, 0, 3, 'Account Name : Akmatro.com,  Account Number: A/C-1540202770225001', 1),
(27, '6', '2014-09-29 00:00:00', 0, '0000-00-00 00:00:00', 'shovon@akmatro.com', '', 'INV-BRA-2014090004', 0, 0, 3, 'Account Name : Akmatro.com,  Account Number: A/C-1540202770225001', 1),
(28, '5', '2014-09-29 00:00:00', 0, '2014-10-01 00:00:00', 'shovon@akmatro.com', 'shovon@akmatro.com', 'INV-BRA-2014090001', 0, 0, 3, 'Account Name : Akmatro.com,  Account Number: A/C-1540202770225001', 1),
(29, '5', '2014-09-29 00:00:00', 0, '2014-10-11 00:00:00', 'shovon@akmatro.com', 'shovon@akmatro.com', 'INV-BRA-2014090002', 0, 0, 3, 'Account Name : Akmatro.com,  Account Number: A/C-1540202770225001', 1),
(30, '5', '2014-09-29 00:00:00', 0, '0000-00-00 00:00:00', 'shovon@akmatro.com', '', 'INV-BRA-2014090003', 0, 0, 3, 'Account Name : Akmatro.com,  Account Number: A/C-1540202770225001', 1),
(31, '4', '2014-09-29 00:00:00', 0, '0000-00-00 00:00:00', 'shovon@akmatro.com', '', 'INV-BRA-2014090001', 0, 0, 3, 'Account Name : Akmatro.com,  Account Number: A/C-1540202770225001', 1),
(32, '4', '2014-09-29 00:00:00', 0, '2014-09-29 00:00:00', 'shovon@akmatro.com', 'shovon@akmatro.com', 'INV-BRA-2014090002', 0, 0, 3, 'Account Name : Akmatro.com,  Account Number: A/C-1540202770225001', 1),
(33, '4', '2014-09-29 00:00:00', 0, '0000-00-00 00:00:00', 'shovon@akmatro.com', '', 'INV-BRA-2014090003', 0, 0, 3, 'Account Name : Akmatro.com,  Account Number: A/C-1540202770225001', 1),
(34, '13', '2014-10-01 00:00:00', 0, '2014-10-01 00:00:00', 'shovon@akmatro.com', 'shovon@akmatro.com', 'INV-BUI-2014100002', 0, 0, 3, 'Account Name : Akmatro.com,  Account Number: A/C-1540202770225001', 1),
(35, '19', '2014-10-12 00:00:00', 0, '0000-00-00 00:00:00', 'shovon@akmatro.com', '', 'INV-APL-2014100001', 0, 0, 3, 'Account Name : Akmatro.com,  Account Number: A/C-1540202770225001', 1),
(36, '15', '2014-10-13 00:00:00', 0, '2014-10-13 00:00:00', 'rokshana@akmatro.com', 'rokshana@akmatro.com', 'INV-AKM-2014100004', 2, 0, 4, 'Account Name : Akmatro.com,  Account Number: A/C-1540202770225001', 1),
(38, '11', '2014-10-14 00:00:00', 0, '2014-10-15 00:00:00', 'shovon@akmatro.com', 'rokshana@akmatro.com', 'INV-GET-2014100001', 0, 0, 3, 'Account Name : Akmatro.com,  Account Number: A/C-1540202770225001', 1),
(39, '9', '2014-10-15 00:00:00', 0, '0000-00-00 00:00:00', 'shovon@akmatro.com', '', 'INV-DIG-2014100003', 0, 0, 3, 'Account Name : Akmatro.com,  Account Number: A/C-1540202770225001', 1),
(40, '1', '2014-10-16 00:00:00', 0, '2014-10-28 00:00:00', 'rokshana@akmatro.com', 'rokshana@akmatro.com', 'INV-BRA-2014100005', 0, 0, 7, 'Account Name : Akmatro.com,  Account Number: A/C-1540202770225001', 1),
(47, '15', '2014-10-17 00:00:00', 0, '2014-10-20 00:00:00', 'rokshana@akmatro.com', 'rokshana@akmatro.com', 'INV-AKM-2014100005', 2, 0, 4, 'Account Name : Akmatro.com,  Account Number: A/C-1540202770225001', 1),
(48, '9', '2014-10-22 00:00:00', 0, '2014-10-28 00:00:00', 'rokshana@akmatro.com', 'rokshana@akmatro.com', 'INV-DIG-2014100004', 0, 0, 7, 'Account Name : Akmatro.com,  Account Number: A/C-1540202770225001', 1),
(49, '16', '2014-10-22 00:00:00', 0, '2014-10-22 00:00:00', 'rokshana@akmatro.com', 'rokshana@akmatro.com', 'INV-MER-2014100001', 0, 0, 4, 'Account Name : Akmatro.com,  Account Number: A/C-1540202770225001', 1),
(45, '27', '2014-10-18 00:00:00', 0, '2014-10-19 00:00:00', 'rokshana@akmatro.com', 'shovon@akmatro.com', 'INV-MOR-2014100003', 2, 0, 4, 'Account Name : Akmatro.com,  Account Number: A/C-1540202770225001', 1),
(53, '24', '2014-10-26 00:00:00', 0, '2014-10-28 00:00:00', 'rokshana@akmatro.com', 'rokshana@akmatro.com', 'INV-KGS-2014100004', 0, 0, 7, 'Account Name : Akmatro.com,  Account Number: A/C-1540202770225001', 1),
(51, '13', '2014-10-23 00:00:00', 0, '2014-10-28 00:00:00', 'rokshana@akmatro.com', 'rokshana@akmatro.com', 'INV-BUI-2014100003', 0, 0, 7, 'Account Name : Akmatro.com,  Account Number: A/C-1540202770225001', 1),
(52, '24', '2014-10-21 00:00:00', 0, '2014-10-28 00:00:00', 'rokshana@akmatro.com', 'rokshana@akmatro.com', 'INV-KGS-2014100003', 0, 0, 7, 'Account Name : Akmatro.com,  Account Number: A/C-1540202770225001', 1),
(54, '9', '2014-10-26 00:00:00', 0, '2014-10-28 00:00:00', 'rokshana@akmatro.com', 'rokshana@akmatro.com', 'INV-DIG-2014100005', 0, 0, 7, 'Account Name : Akmatro.com,  Account Number: A/C-1540202770225001', 1),
(55, '8', '2014-10-28 00:00:00', 0, '2014-10-28 00:00:00', 'alamin@akmatro.com', 'admin@admin.com', 'INV-DIG-2014100002', 0, 0, 7, 'Account Name : Akmatro.com,  Account Number: A/C-1540202770225001', 1),
(56, '10', '2014-10-28 00:00:00', 0, '2014-10-28 00:00:00', 'alamin@akmatro.com', 'admin@admin.com', 'INV-DIG-2014100003', 0, 0, 7, 'Account Name : Akmatro.com,  Account Number: A/C-1540202770225001', 1),
(57, '3', '2014-10-28 00:00:00', 0, '2014-10-29 00:00:00', 'alamin@akmatro.com', 'alamin@akmatro.com', 'INV-BRA-2014100002', 0, 0, 7, 'Account Name : Akmatro.com,  Account Number: A/C-1540202770225001', 1),
(59, '25', '2014-10-30 00:00:00', 0, '0000-00-00 00:00:00', 'alamin@akmatro.com', '', 'INV-BRA-2014100004', 0, 0, 7, 'Account Name : Akmatro.com,  Account Number: A/C-1540202770225001', 1),
(60, '25', '2014-10-30 00:00:00', 0, '0000-00-00 00:00:00', 'alamin@akmatro.com', '', 'INV-BRA-2014100005', 0, 0, 7, 'Account Name : Akmatro.com,  Account Number: A/C-1540202770225001', 1),
(61, '25', '2014-10-30 00:00:00', 0, '0000-00-00 00:00:00', 'alamin@akmatro.com', '', 'INV-BRA-2014100006', 0, 0, 7, 'Account Name : Akmatro.com,  Account Number: A/C-1540202770225001', 1),
(62, '1', '2014-10-30 00:00:00', 0, '2014-10-30 00:00:00', 'alamin@akmatro.com', 'alamin@akmatro.com', 'INV-BRA-2014100006', 0, 0, 7, 'Account Name : Akmatro.com,  Account Number: A/C-1540202770225001', 1),
(63, '1', '2014-10-30 00:00:00', 0, '2014-10-30 00:00:00', 'alamin@akmatro.com', 'alamin@akmatro.com', 'INV-BRA-2014100007', 0, 0, 7, 'Account Name : Akmatro.com,  Account Number: A/C-1540202770225001', 1),
(64, '1', '2014-10-30 00:00:00', 0, '0000-00-00 00:00:00', 'alamin@akmatro.com', '', 'INV-BRA-2014100008', 0, 0, 7, 'Account Name : Akmatro.com,  Account Number: A/C-1540202770225001', 1),
(65, '15', '2014-11-02 00:00:00', 0, '2014-11-02 00:00:00', 'alamin@akmatro.com', 'alamin@akmatro.com', 'INV-AKM-2014110006', 0, 0, 7, 'Account Name : Akmatro.com,  Account Number: A/C-1540202770225001', 1),
(66, '16', '2014-11-02 00:00:00', 0, '2014-11-02 00:00:00', 'alamin@akmatro.com', 'alamin@akmatro.com', 'INV-MER-2014110002', 0, 0, 7, 'Account Name : Akmatro.com,  Account Number: A/C-1540202770225001', 1),
(67, '9', '2014-11-02 00:00:00', 0, '2014-11-10 00:00:00', 'alamin@akmatro.com', 'alamin@akmatro.com', 'INV-DIG-2014110006', 0, 0, 7, 'Account Name : Akmatro.com,  Account Number: A/C-1540202770225001', 1),
(68, '5', '2014-11-02 00:00:00', 0, '2014-11-03 00:00:00', 'alamin@akmatro.com', 'alamin@akmatro.com', 'INV-BRA-2014110004', 0, 0, 7, 'Account Name : Akmatro.com,  Account Number: A/C-1540202770225001', 1),
(69, '5', '2014-11-02 00:00:00', 0, '2014-11-03 00:00:00', 'alamin@akmatro.com', 'alamin@akmatro.com', 'INV-BRA-2014110005', 0, 0, 7, 'Account Name : Akmatro.com,  Account Number: A/C-1540202770225001', 1),
(70, '5', '2014-11-02 00:00:00', 0, '2014-11-03 00:00:00', 'alamin@akmatro.com', 'alamin@akmatro.com', 'INV-BRA-2014110006', 0, 0, 7, 'Account Name : Akmatro.com,  Account Number: A/C-1540202770225001', 1),
(71, '12', '2014-11-03 00:00:00', 0, '2014-11-03 00:00:00', 'alamin@akmatro.com', 'alamin@akmatro.com', 'INV-BAN-2014110001', 0, 0, 7, 'Account Name : Akmatro.com,  Account Number: A/C-1540202770225001', 1),
(72, '4', '2014-11-03 00:00:00', 0, '2014-11-06 00:00:00', 'alamin@akmatro.com', 'alamin@akmatro.com', 'INV-BRA-2014110004', 0, 0, 7, 'Account Name : Akmatro.com,  Account Number: A/C-1540202770225001', 1),
(73, '4', '2014-11-03 00:00:00', 0, '2014-11-06 00:00:00', 'alamin@akmatro.com', 'alamin@akmatro.com', 'INV-BRA-2014110005', 0, 0, 7, 'Account Name : Akmatro.com,  Account Number: A/C-1540202770225001', 1),
(74, '4', '2014-11-03 00:00:00', 0, '2014-11-06 00:00:00', 'alamin@akmatro.com', 'alamin@akmatro.com', 'INV-BRA-2014110006', 0, 0, 7, 'Account Name : Akmatro.com,  Account Number: A/C-1540202770225001', 1),
(75, '6', '2014-11-03 00:00:00', 0, '0000-00-00 00:00:00', 'alamin@akmatro.com', '', 'INV-BRA-2014110005', 0, 0, 7, 'Account Name : Akmatro.com,  Account Number: A/C-1540202770225001', 1),
(76, '6', '2014-11-03 00:00:00', 0, '0000-00-00 00:00:00', 'alamin@akmatro.com', '', 'INV-BRA-2014110006', 0, 0, 7, 'Account Name : Akmatro.com,  Account Number: A/C-1540202770225001', 1),
(77, '6', '2014-11-03 00:00:00', 0, '0000-00-00 00:00:00', 'alamin@akmatro.com', '', 'INV-BRA-2014110007', 0, 0, 7, 'Account Name : Akmatro.com,  Account Number: A/C-1540202770225001', 1),
(78, '28', '2014-11-03 00:00:00', 0, '2014-11-03 00:00:00', 'alamin@akmatro.com', 'alamin@akmatro.com', 'INV-BAN-2014110001', 0, 0, 7, 'Account Name : Akmatro.com,  Account Number: A/C-1540202770225001', 1),
(79, '17', '2014-11-03 00:00:00', 0, '0000-00-00 00:00:00', 'alamin@akmatro.com', '', 'INV-FIS-2014110002', 0, 0, 7, 'Account Name : Akmatro.com,  Account Number: A/C-1540202770225001', 1),
(80, '29', '2014-11-03 00:00:00', 0, '2014-11-03 00:00:00', 'alamin@akmatro.com', 'alamin@akmatro.com', 'INV-BRA-2014110001', 0, 0, 7, 'Account Name : Akmatro.com,  Account Number: A/C-1540202770225001', 1),
(81, '29', '2014-11-03 00:00:00', 0, '0000-00-00 00:00:00', 'alamin@akmatro.com', '', 'INV-BRA-2014110002', 0, 0, 7, 'Account Name : Akmatro.com,  Account Number: A/C-1540202770225001', 1),
(82, '29', '2014-11-03 00:00:00', 0, '2014-11-03 00:00:00', 'alamin@akmatro.com', 'alamin@akmatro.com', 'INV-BRA-2014110003', 0, 0, 7, 'Account Name : Akmatro.com,  Account Number: A/C-1540202770225001', 1),
(83, '11', '2014-11-09 00:00:00', 0, '2014-11-09 00:00:00', 'alamin@akmatro.com', 'alamin@akmatro.com', 'INV-GET-2014110002', 0, 0, 7, 'Account Name : Akmatro.com,  Account Number: A/C-1540202770225001', 1),
(84, '24', '2014-10-27 00:00:00', 0, '0000-00-00 00:00:00', 'alamin@akmatro.com', '', 'INV-KGS-2014110005', 0, 0, 7, 'Account Name : Akmatro.com,  Account Number: A/C-1540202770225001', 1),
(134, '11', '2014-12-08 00:00:00', 0, '0000-00-00 00:00:00', 'alamin@akmatro.com', '', 'INV-GET-2014120004', 0, 0, 7, 'Account Name : Akmatro.com,  Account Number: A/C-1540202770225001', 1),
(86, '24', '2014-10-17 00:00:00', 0, '2014-11-10 00:00:00', 'alamin@akmatro.com', 'alamin@akmatro.com', 'INV-KGS-2014110007', 0, 0, 7, 'Account Name : Akmatro.com,  Account Number: A/C-1540202770225001', 1),
(87, '24', '2014-10-17 00:00:00', 0, '0000-00-00 00:00:00', 'alamin@akmatro.com', '', 'INV-KGS-2014110008', 0, 0, 7, 'Account Name : Akmatro.com,  Account Number: A/C-1540202770225001', 1),
(88, '24', '2014-10-31 00:00:00', 0, '0000-00-00 00:00:00', 'alamin@akmatro.com', '', 'INV-KGS-2014110009', 0, 0, 7, 'Account Name : Akmatro.com,  Account Number: A/C-1540202770225001', 1),
(89, '24', '2014-10-31 00:00:00', 0, '0000-00-00 00:00:00', 'alamin@akmatro.com', '', 'INV-KGS-2014110010', 0, 0, 7, 'Account Name : Akmatro.com,  Account Number: A/C-1540202770225001', 1),
(90, '24', '2014-11-06 00:00:00', 0, '2014-11-10 00:00:00', 'alamin@akmatro.com', 'alamin@akmatro.com', 'INV-KGS-2014110011', 0, 0, 7, 'Account Name : Akmatro.com,  Account Number: A/C-1540202770225001', 1),
(91, '24', '2014-11-06 00:00:00', 0, '2014-12-05 00:00:00', 'alamin@akmatro.com', 'alamin@akmatro.com', 'INV-KGS-2014110012', 0, 0, 7, 'Account Name : Akmatro.com,  Account Number: A/C-1540202770225001', 1),
(92, '9', '2014-11-16 00:00:00', 0, '2014-11-24 00:00:00', 'alamin@akmatro.com', 'alamin@akmatro.com', 'INV-DIG-2014110007', 0, 0, 7, 'Account Name : Akmatro.com,  Account Number: A/C-1540202770225001', 1),
(93, '9', '2014-11-16 00:00:00', 0, '2014-11-16 00:00:00', 'alamin@akmatro.com', 'alamin@akmatro.com', 'INV-DIG-2014110008', 0, 0, 7, 'Account Name : Akmatro.com,  Account Number: A/C-1540202770225001', 1),
(94, '16', '2014-11-16 00:00:00', 0, '0000-00-00 00:00:00', 'alamin@akmatro.com', '', 'INV-MER-2014110003', 0, 0, 7, 'Account Name : Akmatro.com,  Account Number: A/C-1540202770225001', 1),
(95, '9', '2014-11-21 00:00:00', 0, '0000-00-00 00:00:00', 'alamin@akmatro.com', '', 'INV-DIG-2014110009', 0, 0, 7, 'Account Name : Akmatro.com,  Account Number: A/C-1540202770225001', 1),
(96, '24', '2014-11-22 00:00:00', 0, '0000-00-00 00:00:00', 'alamin@akmatro.com', '', 'INV-KGS-2014110013', 0, 0, 7, 'Account Name : Akmatro.com,  Account Number: A/C-1540202770225001', 1),
(97, '24', '2014-11-22 00:00:00', 0, '0000-00-00 00:00:00', 'alamin@akmatro.com', '', 'INV-KGS-2014110014', 0, 0, 7, 'Account Name : Akmatro.com,  Account Number: A/C-1540202770225001', 1),
(121, '25', '2014-12-01 00:00:00', 0, '2014-12-01 00:00:00', 'alamin@akmatro.com', 'alamin@akmatro.com', 'INV-BRA-2014120007', 0, 0, 7, 'Account Name : Akmatro.com,  Account Number: A/C-1540202770225001', 1),
(99, '8', '2014-11-26 00:00:00', 0, '0000-00-00 00:00:00', 'alamin@akmatro.com', '', 'INV-DIG-2014110003', 0, 0, 7, 'Account Name : Akmatro.com,  Account Number: A/C-1540202770225001', 1),
(100, '9', '2014-11-26 00:00:00', 0, '0000-00-00 00:00:00', 'alamin@akmatro.com', '', 'INV-DIG-2014110010', 0, 0, 7, 'Account Name : Akmatro.com,  Account Number: A/C-1540202770225001', 1),
(101, '13', '2014-11-26 00:00:00', 0, '2014-12-04 00:00:00', 'alamin@akmatro.com', 'alamin@akmatro.com', 'INV-BUI-2014110004', 0, 0, 7, 'Account Name : Akmatro.com,  Account Number: A/C-1540202770225001', 1),
(102, '13', '2014-11-26 00:00:00', 0, '2014-11-26 00:00:00', 'alamin@akmatro.com', 'alamin@akmatro.com', 'INV-BUI-2014110005', 0, 0, 7, 'Account Name : Akmatro.com,  Account Number: A/C-1540202770225001', 1),
(103, '26', '2014-11-28 00:00:00', 0, '0000-00-00 00:00:00', 'alamin@akmatro.com', '', 'INV-NIK-2014110002', 0, 0, 7, 'Account Name : Akmatro.com,  Account Number: A/C-1540202770225001', 1),
(104, '5', '2014-11-29 00:00:00', 0, '0000-00-00 00:00:00', 'alamin@akmatro.com', '', 'INV-BRA-2014110007', 0, 0, 7, 'Account Name : Akmatro.com,  Account Number: A/C-1540202770225001', 1),
(105, '5', '2014-11-29 00:00:00', 0, '0000-00-00 00:00:00', 'alamin@akmatro.com', '', 'INV-BRA-2014110008', 0, 0, 7, 'Account Name : Akmatro.com,  Account Number: A/C-1540202770225001', 1),
(106, '5', '2014-11-29 00:00:00', 0, '0000-00-00 00:00:00', 'alamin@akmatro.com', '', 'INV-BRA-2014110009', 0, 0, 7, 'Account Name : Akmatro.com,  Account Number: A/C-1540202770225001', 1),
(107, '10', '2014-11-29 00:00:00', 0, '2014-11-29 00:00:00', 'alamin@akmatro.com', 'alamin@akmatro.com', 'INV-DIG-2014110004', 0, 0, 7, 'Account Name : Akmatro.com,  Account Number: A/C-1540202770225001', 1),
(108, '3', '2014-11-29 00:00:00', 0, '0000-00-00 00:00:00', 'alamin@akmatro.com', '', 'INV-BRA-2014110003', 0, 0, 7, 'Account Name : Akmatro.com,  Account Number: A/C-1540202770225001', 1),
(109, '3', '2014-11-29 00:00:00', 0, '0000-00-00 00:00:00', 'alamin@akmatro.com', '', 'INV-BRA-2014110004', 0, 0, 7, 'Account Name : Akmatro.com,  Account Number: A/C-1540202770225001', 1),
(110, '9', '2014-11-29 00:00:00', 0, '2014-11-29 00:00:00', 'alamin@akmatro.com', 'alamin@akmatro.com', 'INV-DIG-2014110011', 0, 0, 7, 'Account Name : Akmatro.com,  Account Number: A/C-1540202770225001', 1),
(111, '9', '2014-11-29 00:00:00', 0, '2014-12-01 00:00:00', 'alamin@akmatro.com', 'alamin@akmatro.com', 'INV-DIG-2014110012', 0, 0, 7, 'Account Name : Akmatro.com,  Account Number: A/C-1540202770225001', 1),
(112, '28', '2014-12-01 00:00:00', 0, '2014-12-01 00:00:00', 'alamin@akmatro.com', 'alamin@akmatro.com', 'INV-BAN-2014120003', 0, 0, 7, 'Account Name : Akmatro.com,  Account Number: A/C-1540202770225001', 1),
(113, '28', '2014-12-01 00:00:00', 0, '2014-12-01 00:00:00', 'alamin@akmatro.com', 'alamin@akmatro.com', 'INV-BAN-2014120004', 0, 0, 7, 'Account Name : Akmatro.com,  Account Number: A/C-1540202770225001', 1),
(114, '28', '2014-12-01 00:00:00', 0, '0000-00-00 00:00:00', 'alamin@akmatro.com', '', 'INV-BAN-2014120005', 0, 0, 7, 'Account Name : Akmatro.com,  Account Number: A/C-1540202770225001', 1),
(115, '29', '2014-12-01 00:00:00', 0, '2014-12-01 00:00:00', 'alamin@akmatro.com', 'alamin@akmatro.com', 'INV-BRA-2014120004', 0, 0, 7, 'Account Name : Akmatro.com,  Account Number: A/C-1540202770225001', 1),
(116, '29', '2014-12-01 00:00:00', 0, '0000-00-00 00:00:00', 'alamin@akmatro.com', '', 'INV-BRA-2014120005', 0, 0, 7, 'Account Name : Akmatro.com,  Account Number: A/C-1540202770225001', 1),
(117, '29', '2014-12-01 00:00:00', 0, '0000-00-00 00:00:00', 'alamin@akmatro.com', '', 'INV-BRA-2014120006', 0, 0, 7, 'Account Name : Akmatro.com,  Account Number: A/C-1540202770225001', 1),
(118, '4', '2014-12-01 00:00:00', 0, '2014-12-05 00:00:00', 'alamin@akmatro.com', 'alamin@akmatro.com', 'INV-BRA-2014120007', 0, 0, 7, 'Account Name : Akmatro.com,  Account Number: A/C-1540202770225001', 1),
(119, '4', '2014-12-01 00:00:00', 0, '0000-00-00 00:00:00', 'alamin@akmatro.com', '', 'INV-BRA-2014120008', 0, 0, 7, 'Account Name : Akmatro.com,  Account Number: A/C-1540202770225001', 1),
(120, '4', '2014-12-01 00:00:00', 0, '2014-12-05 00:00:00', 'alamin@akmatro.com', 'alamin@akmatro.com', 'INV-BRA-2014120009', 0, 0, 7, 'Account Name : Akmatro.com,  Account Number: A/C-1540202770225001', 1),
(122, '25', '2014-12-01 00:00:00', 0, '2014-12-01 00:00:00', 'alamin@akmatro.com', 'alamin@akmatro.com', 'INV-BRA-2014120008', 0, 0, 7, 'Account Name : Akmatro.com,  Account Number: A/C-1540202770225001', 1),
(123, '25', '2014-12-01 00:00:00', 0, '0000-00-00 00:00:00', 'alamin@akmatro.com', '', 'INV-BRA-2014120009', 0, 0, 7, 'Account Name : Akmatro.com,  Account Number: A/C-1540202770225001', 1),
(124, '1', '2014-12-01 00:00:00', 0, '2014-12-04 00:00:00', 'alamin@akmatro.com', 'alamin@akmatro.com', 'INV-BRA-2014120009', 0, 0, 7, 'Account Name : Akmatro.com,  Account Number: A/C-1540202770225001', 1),
(125, '1', '2014-12-01 00:00:00', 0, '2014-12-04 00:00:00', 'alamin@akmatro.com', 'alamin@akmatro.com', 'INV-BRA-2014120010', 0, 0, 7, 'Account Name : Akmatro.com,  Account Number: A/C-1540202770225001', 1),
(126, '1', '2014-12-01 00:00:00', 0, '2014-12-04 00:00:00', 'alamin@akmatro.com', 'alamin@akmatro.com', 'INV-BRA-2014120011', 0, 0, 7, 'Account Name : Akmatro.com,  Account Number: A/C-1540202770225001', 1),
(127, '6', '2014-12-02 00:00:00', 0, '0000-00-00 00:00:00', 'alamin@akmatro.com', '', 'INV-BRA-2014120008', 0, 0, 7, 'Account Name : Akmatro.com,  Account Number: A/C-1540202770225001', 1),
(128, '6', '2014-12-02 00:00:00', 0, '2014-12-02 00:00:00', 'alamin@akmatro.com', 'alamin@akmatro.com', 'INV-BRA-2014120009', 0, 0, 7, 'Account Name : Akmatro.com,  Account Number: A/C-1540202770225001', 1),
(129, '6', '2014-12-02 00:00:00', 0, '0000-00-00 00:00:00', 'alamin@akmatro.com', '', 'INV-BRA-2014120010', 0, 0, 7, 'Account Name : Akmatro.com,  Account Number: A/C-1540202770225001', 1),
(130, '11', '2014-12-02 00:00:00', 0, '0000-00-00 00:00:00', 'alamin@akmatro.com', '', 'INV-GET-2014120003', 0, 0, 7, 'Account Name : Akmatro.com,  Account Number: A/C-1540202770225001', 1),
(131, '24', '2014-11-28 00:00:00', 0, '2014-12-20 00:00:00', 'alamin@akmatro.com', 'alamin@akmatro.com', 'INV-KGS-2014120015', 0, 0, 7, 'Account Name : Akmatro.com,  Account Number: A/C-1540202770225001', 1),
(132, '24', '2014-11-28 00:00:00', 0, '2014-12-08 00:00:00', 'alamin@akmatro.com', 'alamin@akmatro.com', 'INV-KGS-2014120016', 0, 0, 7, 'Account Name : Akmatro.com,  Account Number: A/C-1540202770225001', 1),
(133, '24', '2014-11-26 00:00:00', 0, '2014-12-15 00:00:00', 'alamin@akmatro.com', 'alamin@akmatro.com', 'INV-KGS-2014120017', 0, 0, 7, 'Account Name : Akmatro.com,  Account Number: A/C-1540202770225001', 1),
(135, '15', '2014-12-09 00:00:00', 0, '2014-12-14 00:00:00', 'alamin@akmatro.com', 'alamin@akmatro.com', 'INV-AKM-2014120007', 0, 0, 7, 'Account Name : Akmatro.com,  Account Number: A/C-1540202770225001', 1),
(136, '31', '2014-12-09 00:00:00', 0, '2014-12-11 00:00:00', 'alamin@akmatro.com', 'alamin@akmatro.com', 'INV-IFI-2014120001', 0, 0, 7, 'Account Name : Akmatro.com,  Account Number: A/C-1540202770225001', 1),
(137, '31', '2014-12-09 00:00:00', 0, '0000-00-00 00:00:00', 'alamin@akmatro.com', '', 'INV-IFI-2014120002', 0, 0, 7, 'Account Name : Akmatro.com,  Account Number: A/C-1540202770225001', 1),
(138, '9', '2014-12-18 00:00:00', 0, '0000-00-00 00:00:00', 'alamin@akmatro.com', '', 'INV-DIG-2014120013', 0, 0, 7, 'Account Name : Akmatro.com,  Account Number: A/C-1540202770225001', 1),
(139, '24', '2014-12-04 00:00:00', 0, '2014-12-20 00:00:00', 'alamin@akmatro.com', 'alamin@akmatro.com', 'INV-KGS-2014120018', 0, 0, 7, 'Account Name : Akmatro.com,  Account Number: A/C-1540202770225001', 1),
(140, '24', '2014-12-04 00:00:00', 0, '0000-00-00 00:00:00', 'alamin@akmatro.com', '', 'INV-KGS-2014120019', 0, 0, 7, 'Account Name : Akmatro.com,  Account Number: A/C-1540202770225001', 1);

-- --------------------------------------------------------

--
-- Table structure for table `invoice_details`
--

CREATE TABLE IF NOT EXISTS `invoice_details` (
  `invoice_details_id` int(11) NOT NULL AUTO_INCREMENT,
  `invoice_id` int(11) NOT NULL,
  `product_id` varchar(100) NOT NULL,
  `quantity` int(8) NOT NULL,
  `rate` float NOT NULL,
  `total_price` float NOT NULL,
  `status` int(2) NOT NULL,
  PRIMARY KEY (`invoice_details_id`)
) ENGINE=MyISAM  DEFAULT CHARSET=latin1 AUTO_INCREMENT=1192 ;

--
-- Dumping data for table `invoice_details`
--

INSERT INTO `invoice_details` (`invoice_details_id`, `invoice_id`, `product_id`, `quantity`, `rate`, `total_price`, `status`) VALUES
(1, 1, '113', 1, 250, 250, 1),
(2, 2, '26', 3, 14, 42, 1),
(3, 2, '25', 4, 41, 164, 1),
(4, 2, '70', 2, 120, 240, 1),
(5, 2, '91', 1, 51, 51, 1),
(6, 2, '98', 2, 48, 96, 1),
(7, 2, '94', 1, 67, 0, 1),
(8, 2, '15', 3, 4.5, 13.5, 1),
(9, 3, '70', 1, 130, 130, 1),
(10, 3, '52', 1, 32, 32, 1),
(11, 4, '26', 24, 13, 312, 1),
(12, 4, '98', 2, 49, 98, 1),
(13, 4, '81', 1, 195, 195, 1),
(14, 4, '112', 3, 478, 1434, 1),
(15, 4, '25', 10, 42, 420, 1),
(16, 4, '101', 4, 67, 268, 1),
(17, 4, '77', 5, 14, 70, 1),
(18, 4, '15', 12, 4.5, 54, 1),
(19, 4, '126', 2, 40, 80, 1),
(20, 4, '35', 1, 275, 275, 1),
(21, 4, '54', 1, 135, 135, 1),
(22, 4, '106', 15, 57, 855, 1),
(24, 6, '98', 30, 50, 1500, 1),
(25, 6, '102', 7, 145, 1015, 1),
(26, 6, '104', 1, 210, 210, 1),
(27, 6, '25', 8, 42, 336, 1),
(28, 6, '38', 6, 195, 1170, 1),
(29, 6, '54', 1, 135, 135, 1),
(30, 6, '26', 48, 13, 624, 1),
(31, 7, '67', 12, 38, 456, 1),
(32, 7, '31', 2, 38, 76, 1),
(33, 7, '1', 5, 290, 1450, 1),
(34, 7, '132', 3, 20, 60, 1),
(35, 7, '10', 2, 102, 204, 1),
(36, 7, '11', 3, 78, 234, 1),
(37, 8, '26', 48, 14, 672, 1),
(38, 8, '28', 20, 42, 840, 1),
(39, 8, '135', 3, 103, 309, 1),
(40, 8, '82', 16, 42, 672, 1),
(41, 8, '93', 10, 33, 330, 1),
(42, 8, '133', 6, 233, 1398, 1),
(43, 8, '113', 3, 242, 726, 1),
(44, 8, '134', 6, 233, 1398, 1),
(45, 8, '112', 1, 470, 470, 1),
(46, 8, '101', 20, 67, 1340, 1),
(47, 8, '103', 3, 123, 369, 1),
(48, 8, '98', 10, 47, 470, 1),
(49, 8, '105', 15, 57, 855, 1),
(50, 9, '26', 120, 13.5, 1620, 1),
(51, 9, '136', 2, 200, 400, 1),
(52, 10, '3', 30, 372, 11160, 1),
(53, 10, '157', 24, 28, 672, 1),
(54, 10, '14', 12, 280, 3360, 1),
(55, 10, '68', 12, 175, 2100, 1),
(56, 10, '112', 1, 470, 470, 1),
(57, 10, '113', 3, 242, 726, 1),
(58, 10, '101', 12, 67, 804, 1),
(59, 10, '103', 3, 123, 369, 1),
(60, 10, '98', 10, 47, 470, 1),
(61, 10, '105', 8, 57, 456, 1),
(62, 11, '26', 1500, 13, 19500, 1),
(63, 11, '25', 20, 42, 840, 1),
(64, 11, '102', 15, 145, 2175, 1),
(65, 11, '98', 90, 49, 4410, 1),
(66, 11, '92', 6, 29, 174, 1),
(67, 11, '81', 8, 195, 1560, 1),
(68, 11, '35', 8, 260, 2080, 1),
(69, 11, '1', 8, 276, 2208, 1),
(70, 11, '160', 5, 680, 3400, 1),
(71, 11, '100', 6, 245, 1470, 1),
(72, 11, '104', 2, 205, 410, 1),
(73, 12, '98', 30, 50, 1500, 1),
(74, 12, '102', 2, 145, 290, 1),
(75, 12, '2', 1, 290, 290, 1),
(76, 12, '160', 1, 680, 680, 1),
(77, 12, '26', 120, 13, 1560, 1),
(78, 12, '25', 10, 42, 420, 1),
(85, 13, '26', 24, 13, 312, 1),
(80, 12, '104', 1, 210, 210, 1),
(81, 12, '15', 12, 4.5, 54, 1),
(82, 12, '165', 2, 24, 48, 1),
(84, 13, '106', 24, 57, 1368, 1),
(86, 13, '98', 5, 49, 245, 1),
(87, 13, '8', 4, 225, 900, 1),
(88, 13, '112', 4, 478, 1912, 1),
(89, 13, '25', 10, 42, 420, 1),
(90, 13, '101', 4, 67, 268, 1),
(91, 13, '3', 2, 380, 760, 1),
(92, 13, '85', 1, 69, 69, 1),
(93, 13, '93', 1, 33, 33, 1),
(94, 13, '35', 1, 275, 275, 1),
(95, 13, '91', 4, 52, 208, 1),
(96, 14, '98', 10, 49, 490, 1),
(97, 14, '101', 40, 66, 2640, 1),
(98, 14, '105', 70, 57, 3990, 1),
(99, 14, '111', 1, 675, 675, 1),
(100, 14, '112', 6, 478, 2868, 1),
(101, 14, '113', 10, 238, 2380, 1),
(102, 15, '98', 6, 49, 294, 1),
(103, 15, '101', 20, 66, 1320, 1),
(104, 15, '105', 10, 57, 570, 1),
(105, 15, '111', 3, 675, 2025, 1),
(106, 15, '112', 2, 475, 950, 1),
(107, 15, '113', 10, 238, 2380, 1),
(108, 16, '81', 8, 190, 1520, 1),
(109, 16, '83', 30, 22, 660, 1),
(110, 16, '84', 2, 172, 344, 1),
(111, 16, '90', 1, 89, 89, 1),
(112, 16, '25', 30, 42, 1260, 1),
(113, 16, '35', 3, 260, 780, 1),
(114, 16, '91', 10, 53, 530, 1),
(115, 16, '92', 3, 29, 87, 1),
(116, 16, '119', 2, 73, 146, 1),
(117, 16, '123', 3, 97, 291, 1),
(118, 17, '83', 12, 22, 264, 1),
(119, 17, '84', 2, 172, 344, 1),
(120, 17, '25', 10, 42, 420, 1),
(121, 17, '35', 2, 260, 520, 1),
(122, 17, '26', 72, 13, 936, 1),
(123, 17, '28', 5, 42, 210, 1),
(124, 17, '81', 4, 190, 760, 1),
(125, 17, '91', 6, 53, 318, 1),
(126, 17, '92', 1, 29, 29, 1),
(127, 17, '119', 1, 73, 73, 1),
(128, 17, '123', 4, 97, 388, 1),
(129, 18, '1', 65, 290, 18850, 1),
(130, 18, '15', 144, 4.5, 648, 1),
(131, 18, '16', 60, 4.5, 270, 1),
(132, 18, '20', 30, 14, 420, 1),
(133, 18, '29', 4, 130, 520, 1),
(134, 18, '36', 3, 510, 1530, 1),
(135, 18, '40', 2, 35, 70, 1),
(136, 18, '42', 2, 35, 70, 1),
(137, 18, '45', 3, 40, 120, 1),
(138, 18, '47', 1, 65, 65, 1),
(139, 18, '46', 1, 12, 12, 1),
(140, 18, '49', 1, 45, 45, 1),
(141, 18, '143', 1, 65, 65, 1),
(142, 18, '144', 1, 90, 90, 1),
(143, 18, '54', 5, 130, 650, 1),
(144, 18, '57', 1, 20, 20, 1),
(145, 18, '56', 2, 105, 210, 1),
(146, 18, '66', 6, 34, 204, 1),
(147, 18, '68', 3, 195, 585, 1),
(148, 18, '75', 1, 70, 70, 1),
(149, 18, '9', 2, 680, 1360, 1),
(174, 23, '26', 156, 14, 2184, 1),
(151, 19, '15', 24, 4.5, 108, 1),
(152, 19, '20', 2, 14, 28, 1),
(153, 19, '46', 1, 12, 12, 1),
(154, 19, '53', 1, 35, 35, 1),
(155, 19, '57', 4, 20, 80, 1),
(156, 19, '58', 1, 125, 125, 1),
(157, 19, '59', 1, 125, 125, 1),
(158, 19, '60', 1, 125, 125, 1),
(159, 19, '70', 1, 110, 110, 1),
(160, 19, '77', 6, 14, 84, 1),
(161, 19, '72', 6, 10, 60, 1),
(162, 19, '65', 6, 12, 72, 1),
(163, 19, '86', 6, 75, 450, 1),
(164, 20, '12', 2, 45, 90, 1),
(165, 20, '153', 12, 20, 240, 1),
(166, 20, '26', 2, 13, 26, 1),
(167, 21, '26', 4, 13, 52, 1),
(168, 22, '25', 5, 42, 210, 1),
(169, 22, '28', 5, 42, 210, 1),
(170, 22, '81', 3, 190, 570, 1),
(171, 22, '92', 1, 29, 29, 1),
(172, 22, '95', 2, 33, 66, 1),
(173, 12, '38', 8, 195, 1560, 1),
(175, 23, '145', 2, 120, 240, 1),
(176, 23, '56', 10, 105, 1050, 1),
(177, 23, '57', 20, 20, 400, 1),
(178, 24, '2', 5, 295, 1475, 1),
(179, 24, '56', 5, 105, 525, 1),
(180, 24, '57', 4, 20, 80, 1),
(181, 24, '15', 24, 4.5, 108, 1),
(182, 24, '16', 12, 4.5, 48, 1),
(183, 24, '59', 8, 130, 1040, 1),
(184, 24, '60', 5, 130, 650, 1),
(185, 24, '54', 1, 130, 130, 1),
(186, 24, '81', 2, 190, 380, 1),
(187, 24, '25', 4, 42, 168, 1),
(188, 24, '26', 12, 14, 168, 1),
(189, 24, '28', 2, 42, 84, 1),
(190, 24, '101', 4, 66, 264, 1),
(191, 24, '98', 2, 50, 100, 1),
(192, 24, '105', 4, 57, 228, 1),
(193, 24, '112', 1, 475, 475, 1),
(194, 25, '119', 4, 73, 292, 1),
(195, 25, '85', 5, 69, 345, 1),
(196, 25, '133', 4, 230, 920, 1),
(197, 25, '84', 2, 180, 360, 1),
(198, 25, '97', 4, 32, 128, 1),
(199, 25, '82', 6, 42, 252, 1),
(200, 25, '123', 2, 97, 194, 1),
(201, 25, '25', 12, 42, 504, 1),
(202, 25, '26', 96, 14, 1344, 1),
(203, 25, '91', 10, 49.5, 495, 1),
(204, 26, '99', 10, 50, 500, 1),
(205, 26, '112', 1, 470, 470, 1),
(206, 26, '105', 15, 57, 855, 1),
(207, 26, '107', 1, 285, 285, 1),
(208, 27, '1', 25, 290, 7250, 1),
(209, 27, '15', 48, 4.5, 216, 1),
(210, 27, '16', 36, 4.5, 162, 1),
(211, 27, '65', 6, 12, 72, 1),
(212, 27, '56', 6, 105, 630, 1),
(213, 27, '57', 12, 20, 240, 1),
(214, 28, '1', 4, 275, 1100, 1),
(215, 28, '2', 5, 275, 1375, 1),
(216, 28, '89', 200, 2, 400, 1),
(217, 28, '15', 12, 4.5, 54, 1),
(218, 28, '56', 2, 105, 210, 1),
(219, 29, '81', 1, 190, 190, 1),
(220, 29, '82', 2, 44, 88, 1),
(221, 29, '26', 20, 14, 280, 1),
(222, 29, '25', 12, 41, 492, 1),
(223, 29, '93', 2, 34, 68, 1),
(224, 29, '43', 1, 125, 125, 1),
(225, 29, '91', 2, 52, 104, 1),
(226, 29, '83', 4, 22, 88, 1),
(227, 29, '85', 1, 69, 69, 1),
(228, 29, '97', 1, 29, 29, 1),
(229, 29, '123', 1, 96, 96, 1),
(230, 30, '101', 12, 66, 792, 1),
(231, 30, '105', 20, 57, 1140, 1),
(232, 30, '98', 2, 50, 100, 1),
(233, 30, '112', 1, 480, 480, 1),
(234, 31, '25', 2, 42, 84, 1),
(235, 31, '93', 1, 32, 32, 1),
(236, 31, '81', 2, 190, 380, 1),
(237, 31, '91', 4, 53, 212, 1),
(238, 31, '83', 5, 22, 110, 1),
(239, 32, '98', 3, 50, 150, 1),
(240, 32, '105', 3, 57, 171, 1),
(241, 32, '101', 1, 145, 145, 1),
(242, 33, '3', 7, 290, 2030, 1),
(243, 33, '60', 1, 125, 125, 1),
(244, 33, '59', 1, 125, 125, 1),
(245, 32, '112', 1, 470, 470, 1),
(267, 35, '168', 200, 47, 9400, 1),
(248, 28, '88', 100, 1.5, 150, 1),
(249, 34, '1', 60, 275, 16500, 1),
(250, 34, '81', 12, 175, 2100, 1),
(251, 34, '25', 48, 42, 2016, 1),
(252, 34, '166', 60, 10, 600, 1),
(253, 34, '136', 12, 200, 2400, 1),
(254, 34, '121', 5, 48, 240, 1),
(255, 34, '15', 60, 4.5, 270, 1),
(256, 34, '66', 12, 34, 408, 1),
(257, 34, '52', 20, 36, 720, 1),
(258, 34, '92', 12, 29, 348, 1),
(259, 34, '95', 5, 49, 245, 1),
(260, 34, '10', 36, 102, 3672, 1),
(261, 34, '86', 24, 84, 2016, 1),
(262, 34, '167', 36, 75, 2700, 1),
(263, 34, '157', 24, 34, 816, 1),
(264, 34, '153', 120, 20, 2400, 1),
(265, 34, '26', 300, 13.5, 4050, 1),
(266, 34, '139', 12, 75, 900, 1),
(268, 35, '30', 96, 47, 4512, 1),
(269, 36, '3', 2, 280, 560, 1),
(270, 36, '15', 8, 4.5, 36, 1),
(271, 36, '77', 2, 14, 28, 1),
(272, 36, '16', 2, 4.5, 9, 1),
(273, 36, '17', 2, 4.5, 9, 1),
(274, 36, '28', 6, 42, 252, 1),
(275, 36, '98', 4, 49, 196, 1),
(276, 36, '94', 1, 67, 67, 1),
(277, 36, '92', 1, 29, 29, 1),
(278, 36, '38', 2, 190, 380, 1),
(279, 36, '134', 1, 230, 230, 1),
(280, 36, '113', 2, 243, 486, 1),
(281, 36, '119', 1, 68, 68, 1),
(282, 36, '123', 1, 97, 97, 1),
(283, 36, '82', 1, 42, 42, 1),
(284, 36, '153', 24, 20, 480, 1),
(286, 38, '107', 31, 280, 8680, 1),
(287, 38, '98', 31, 49, 1519, 1),
(288, 38, '101', 20, 67, 1340, 1),
(289, 38, '112', 2, 478, 956, 1),
(290, 38, '113', 1, 243, 243, 1),
(291, 38, '25', 24, 43, 1032, 1),
(292, 38, '26', 90, 14, 1260, 1),
(293, 38, '30', 4, 47, 188, 1),
(294, 38, '28', 30, 42, 1260, 1),
(295, 38, '91', 16, 53, 848, 1),
(296, 38, '93', 5, 34, 170, 1),
(297, 38, '92', 4, 29, 116, 1),
(298, 38, '97', 2, 29, 58, 1),
(299, 38, '38', 14, 190, 2660, 1),
(300, 38, '35', 5, 255, 1275, 1),
(317, 40, '56', 20, 105, 2100, 1),
(302, 38, '96', 2, 27, 54, 1),
(303, 38, '169', 36, 14, 504, 1),
(304, 39, '69', 2, 380, 760, 1),
(305, 39, '141', 2, 40, 80, 1),
(306, 39, '31', 3, 38, 114, 1),
(307, 39, '45', 2, 40, 80, 1),
(308, 39, '155', 2, 85, 170, 1),
(309, 39, '76', 2, 85, 170, 1),
(310, 39, '54', 2, 135, 270, 1),
(311, 39, '128', 4, 42, 168, 1),
(312, 39, '152', 50, 2, 100, 1),
(313, 39, '89', 50, 3, 150, 1),
(314, 39, '105', 15, 57, 855, 1),
(315, 39, '81', 1, 195, 195, 1),
(316, 39, '26', 12, 14, 168, 1),
(347, 49, '112', 1, 475, 475, 1),
(346, 49, '98', 4, 49, 196, 1),
(345, 49, '94', 2, 67, 134, 1),
(322, 45, '83', 10, 20, 200, 1),
(344, 49, '28', 5, 42, 210, 1),
(343, 49, '3', 1, 280, 280, 1),
(342, 49, '15', 12, 4.5, 54, 1),
(341, 49, '83', 5, 20, 100, 1),
(330, 47, '87', 1, 90, 90, 1),
(331, 47, '54', 1, 120, 120, 1),
(332, 47, '70', 1, 85, 85, 1),
(333, 47, '11', 4, 70, 280, 1),
(334, 47, '52', 2, 35, 70, 1),
(340, 48, '85', 2, 69, 138, 1),
(339, 48, '103', 2, 122, 244, 1),
(338, 48, '101', 10, 67, 670, 1),
(348, 49, '113', 2, 240, 480, 1),
(349, 49, '26', 12, 13.5, 162, 1),
(350, 49, '25', 2, 42, 84, 1),
(351, 49, '70', 1, 105, 105, 1),
(352, 49, '57', 1, 19, 19, 1),
(353, 49, '45', 1, 95, 95, 1),
(354, 49, '123', 1, 96, 96, 1),
(355, 49, '82', 1, 40, 40, 1),
(356, 49, '92', 1, 29, 29, 1),
(357, 49, '91', 1, 51, 51, 1),
(358, 49, '30', 1, 48, 48, 1),
(359, 49, '45', 1, 35, 35, 1),
(360, 49, '178', 1, 25, 25, 1),
(399, 52, '105', 8, 57, 456, 1),
(398, 52, '98', 8, 47, 376, 1),
(397, 52, '174', 2, 165, 330, 1),
(396, 52, '101', 16, 67, 1072, 1),
(395, 52, '112', 1, 470, 470, 1),
(394, 52, '113', 3, 242, 726, 1),
(393, 52, '177', 2, 380, 760, 1),
(392, 52, '176', 4, 180, 720, 1),
(391, 52, '28', 20, 42, 840, 1),
(390, 52, '93', 10, 33, 330, 1),
(389, 52, '26', 24, 14, 336, 1),
(388, 52, '82', 16, 42, 672, 1),
(387, 52, '25', 12, 43, 516, 1),
(386, 52, '175', 12, 295, 3540, 1),
(385, 52, '77', 12, 14, 168, 1),
(384, 52, '16', 24, 4.5, 108, 1),
(383, 52, '54', 12, 130, 1560, 1),
(382, 52, '10', 24, 98, 2352, 1),
(381, 52, '3', 20, 372, 7440, 1),
(380, 51, '179', 120, 14, 1680, 1),
(400, 53, '112', 2, 470, 940, 1),
(401, 53, '113', 4, 242, 968, 1),
(402, 53, '101', 20, 67, 1340, 1),
(403, 53, '105', 16, 57, 912, 1),
(404, 53, '174', 3, 165, 495, 1),
(405, 53, '98', 12, 47, 564, 1),
(406, 54, '112', 5, 478, 2390, 1),
(407, 54, '105', 24, 57, 1368, 1),
(408, 54, '26', 24, 14, 336, 1),
(409, 54, '25', 5, 42, 210, 1),
(410, 54, '15', 12, 4.5, 54, 1),
(411, 54, '84', 1, 168, 168, 1),
(412, 54, '32', 2, 45, 90, 1),
(413, 55, '26', 1260, 13, 16380, 1),
(414, 55, '25', 24, 42, 1008, 1),
(415, 55, '81', 3, 195, 585, 1),
(416, 55, '98', 30, 49, 1470, 1),
(417, 55, '100', 4, 245, 980, 1),
(418, 55, '35', 3, 260, 780, 1),
(419, 55, '1', 4, 276, 1104, 1),
(420, 55, '102', 25, 145, 3625, 1),
(421, 55, '52', 4, 33, 132, 1),
(422, 55, '104', 3, 205, 615, 1),
(423, 55, '160', 4, 680, 2720, 1),
(424, 56, '98', 35, 50, 1750, 1),
(425, 56, '102', 13, 145, 1885, 1),
(426, 56, '2', 1, 290, 290, 1),
(427, 56, '159', 1, 98, 98, 1),
(428, 56, '160', 1, 680, 680, 1),
(429, 56, '92', 2, 29, 58, 1),
(430, 56, '26', 156, 13, 2028, 1),
(431, 56, '25', 8, 42, 336, 1),
(432, 56, '38', 8, 195, 1560, 1),
(433, 56, '104', 1, 210, 105, 1),
(434, 56, '31', 3, 30, 90, 1),
(435, 56, '15', 12, 4.5, 54, 1),
(436, 56, '56', 2, 98, 196, 1),
(437, 56, '165', 4, 24, 96, 1),
(438, 56, '35', 6, 260, 1560, 1),
(439, 57, '56', 6, 105, 630, 1),
(440, 57, '57', 4, 20, 80, 1),
(441, 57, '2', 6, 295, 1770, 1),
(442, 57, '8', 2, 230, 460, 1),
(443, 57, '91', 3, 52, 156, 1),
(444, 57, '98', 2, 50, 100, 1),
(445, 57, '101', 6, 66, 396, 1),
(446, 57, '105', 6, 57, 342, 1),
(447, 57, '178', 2, 28, 56, 1),
(448, 57, '77', 4, 13, 52, 1),
(461, 57, '72', 4, 10, 40, 1),
(450, 57, '15', 24, 4.5, 108, 1),
(451, 57, '16', 24, 4.5, 108, 1),
(452, 57, '59', 3, 130, 390, 1),
(453, 57, '25', 4, 42, 168, 1),
(454, 57, '26', 10, 14, 140, 1),
(455, 57, '28', 2, 42, 84, 1),
(456, 57, '81', 2, 190, 380, 1),
(457, 57, '82', 2, 40, 80, 1),
(458, 57, '92', 2, 30, 60, 1),
(459, 57, '84', 2, 150, 300, 1),
(460, 57, '73', 4, 10, 40, 1),
(507, 61, '113', 12, 238, 2856, 1),
(506, 61, '112', 2, 475, 950, 1),
(505, 61, '111', 3, 675, 2025, 1),
(504, 61, '105', 8, 57, 456, 1),
(503, 61, '101', 20, 66, 1320, 1),
(502, 61, '98', 6, 49, 294, 1),
(501, 60, '85', 4, 69, 276, 1),
(500, 60, '28', 2, 42, 84, 1),
(499, 60, '26', 72, 13, 936, 1),
(498, 60, '25', 10, 42, 420, 1),
(497, 60, '123', 6, 97, 582, 1),
(496, 60, '93', 1, 33, 33, 1),
(495, 60, '92', 3, 29, 87, 1),
(494, 60, '91', 10, 53, 530, 1),
(493, 60, '35', 2, 260, 520, 1),
(492, 60, '84', 2, 172, 344, 1),
(491, 60, '83', 10, 22, 220, 1),
(490, 60, '81', 6, 190, 1140, 1),
(489, 59, '69', 1, 350, 350, 1),
(488, 59, '68', 2, 200, 400, 1),
(487, 59, '49', 1, 30, 30, 1),
(486, 59, '15', 24, 4.5, 108, 1),
(485, 59, '1', 5, 290, 1450, 1),
(508, 62, '1', 55, 290, 15950, 1),
(509, 62, '5', 1, 490, 490, 1),
(510, 62, '10', 10, 98, 980, 1),
(511, 62, '15', 120, 4.5, 540, 1),
(512, 62, '16', 48, 4.5, 216, 1),
(513, 62, '20', 20, 14, 280, 1),
(514, 62, '29', 4, 130, 520, 1),
(515, 62, '27', 1, 90, 90, 1),
(516, 62, '31', 2, 30, 60, 1),
(517, 62, '36', 3, 510, 1530, 1),
(518, 62, '54', 1, 130, 130, 1),
(519, 62, '56', 15, 105, 1575, 1),
(520, 62, '57', 40, 20, 800, 1),
(521, 62, '145', 2, 120, 240, 1),
(522, 62, '73', 2, 10, 20, 1),
(523, 62, '72', 2, 8, 16, 1),
(524, 62, '77', 2, 14, 28, 1),
(525, 63, '81', 8, 190, 1520, 1),
(526, 63, '83', 25, 22, 550, 1),
(527, 63, '84', 4, 172, 688, 1),
(528, 63, '35', 5, 260, 1300, 1),
(529, 63, '91', 15, 53, 795, 1),
(530, 63, '92', 3, 29, 87, 1),
(531, 63, '97', 3, 29, 87, 1),
(532, 63, '119', 3, 73, 219, 1),
(533, 63, '123', 2, 97, 194, 1),
(534, 63, '25', 25, 42, 1050, 1),
(535, 63, '26', 156, 14, 2184, 1),
(536, 64, '98', 10, 49, 490, 1),
(537, 64, '101', 40, 66, 2640, 1),
(538, 64, '105', 70, 57, 3990, 1),
(539, 64, '111', 1, 675, 675, 1),
(540, 64, '112', 5, 478, 2390, 1),
(541, 64, '113', 10, 238, 2380, 1),
(542, 62, '129', 2, 70, 140, 1),
(543, 62, '9', 4, 680, 2720, 1),
(544, 63, '85', 3, 69, 207, 1),
(545, 65, '1', 2, 280, 560, 1),
(546, 65, '26', 12, 13, 156, 1),
(547, 65, '25', 2, 40, 80, 1),
(548, 65, '28', 5, 42, 210, 1),
(549, 65, '98', 5, 49, 245, 1),
(594, 65, '112', 1, 450, 450, 1),
(551, 65, '113', 2, 243, 486, 1),
(552, 65, '101', 4, 65, 260, 1),
(553, 65, '15', 12, 4.5, 54, 1),
(554, 65, '91', 1, 50, 50, 1),
(555, 65, '81', 2, 195, 390, 1),
(556, 65, '82', 1, 42, 42, 1),
(557, 65, '92', 1, 29, 29, 1),
(558, 66, '129', 2, 70, 140, 1),
(559, 66, '52', 3, 35, 105, 1),
(560, 66, '127', 3, 25, 75, 1),
(561, 66, '10', 5, 90, 450, 1),
(562, 66, '12', 2, 40, 80, 1),
(563, 66, '157', 2, 30, 60, 1),
(564, 66, '183', 3, 200, 600, 1),
(565, 67, '26', 12, 14, 168, 1),
(566, 67, '98', 5, 49, 245, 1),
(567, 67, '8', 4, 225, 900, 1),
(568, 67, '25', 5, 42, 210, 1),
(569, 67, '101', 16, 67, 1072, 1),
(570, 67, '3', 5, 380, 1900, 1),
(571, 67, '93', 5, 33, 165, 1),
(572, 67, '91', 4, 52, 208, 1),
(573, 67, '103', 5, 122, 610, 1),
(574, 67, '69', 5, 380, 1900, 1),
(575, 67, '141', 5, 40, 200, 1),
(576, 67, '31', 5, 38, 190, 1),
(577, 67, '45', 6, 40, 240, 1),
(578, 67, '178', 6, 32, 192, 1),
(579, 67, '182', 6, 80, 480, 1),
(580, 67, '76', 6, 85, 510, 1),
(581, 67, '54', 5, 135, 675, 1),
(582, 67, '127', 5, 25, 125, 1),
(583, 67, '180', 5, 115, 575, 1),
(584, 67, '129', 5, 80, 400, 1),
(585, 67, '77', 5, 14, 70, 1),
(586, 67, '75', 5, 60, 300, 1),
(587, 67, '73', 5, 10, 50, 1),
(588, 67, '72', 5, 10, 50, 1),
(589, 67, '49', 2, 30, 60, 1),
(590, 67, '143', 2, 60, 120, 1),
(591, 67, '50', 2, 40, 80, 1),
(592, 67, '46', 5, 10, 50, 1),
(593, 67, '52', 5, 38, 190, 1),
(595, 68, '1', 3, 275, 825, 1),
(596, 68, '2', 6, 280, 1680, 1),
(597, 68, '89', 250, 2, 500, 1),
(598, 68, '15', 12, 4.5, 54, 1),
(599, 68, '56', 5, 105, 525, 1),
(600, 68, '57', 20, 20, 400, 1),
(601, 68, '88', 100, 1.5, 150, 1),
(602, 69, '81', 2, 190, 380, 1),
(603, 69, '82', 2, 44, 88, 1),
(604, 69, '26', 20, 14, 280, 1),
(605, 69, '25', 12, 41, 492, 1),
(606, 69, '93', 1, 34, 34, 1),
(607, 69, '91', 3, 52, 156, 1),
(608, 69, '83', 4, 22, 88, 1),
(609, 69, '97', 1, 29, 29, 1),
(610, 69, '109', 2, 35, 70, 1),
(611, 70, '101', 14, 66, 924, 1),
(612, 70, '105', 22, 57, 1254, 1),
(613, 70, '98', 3, 50, 150, 1),
(614, 70, '112', 1, 480, 480, 1),
(615, 70, '36', 1, 510, 255, 1),
(616, 70, '65', 5, 10, 50, 1),
(699, 80, '15', 100, 4.4, 440, 1),
(618, 71, '26', 60, 13, 780, 1),
(619, 71, '25', 10, 40, 400, 1),
(620, 71, '28', 30, 35, 1050, 1),
(621, 71, '92', 6, 29, 174, 1),
(622, 71, '91', 12, 50, 600, 1),
(623, 71, '134', 5, 233, 1165, 1),
(624, 71, '35', 4, 235, 940, 1),
(625, 71, '123', 3, 95, 285, 1),
(626, 71, '118', 5, 182, 910, 1),
(627, 71, '159', 3, 98, 294, 1),
(628, 72, '81', 2, 190, 380, 1),
(629, 72, '35', 2, 235, 470, 1),
(630, 72, '84', 1, 160, 160, 1),
(631, 72, '26', 24, 14, 336, 1),
(632, 72, '25', 6, 42, 252, 1),
(633, 72, '119', 1, 75, 75, 1),
(634, 72, '177', 1, 290, 290, 1),
(635, 73, '185', 1, 300, 300, 1),
(636, 73, '15', 12, 4.5, 54, 1),
(637, 73, '16', 12, 4.5, 54, 1),
(638, 73, '3', 7, 290, 2030, 1),
(639, 73, '129', 2, 70, 140, 1),
(640, 73, '54', 2, 145, 290, 1),
(641, 73, '132', 2, 15, 30, 1),
(642, 73, '58', 1, 125, 125, 1),
(643, 73, '59', 1, 125, 125, 1),
(644, 73, '60', 1, 125, 125, 1),
(645, 73, '83', 4, 22, 88, 1),
(646, 73, '22', 1, 14, 14, 1),
(647, 73, '20', 1, 14, 14, 1),
(648, 73, '186', 1, 145, 145, 1),
(649, 74, '105', 3, 57, 171, 1),
(728, 74, '102', 1, 145, 145, 1),
(651, 74, '98', 4, 50, 200, 1),
(652, 75, '99', 8, 50, 400, 1),
(653, 75, '112', 1, 470, 470, 1),
(654, 75, '113', 1, 240, 240, 1),
(655, 75, '105', 22, 57, 1254, 1),
(656, 75, '107', 2, 285, 570, 1),
(657, 76, '1', 25, 290, 7250, 1),
(658, 76, '15', 48, 4.5, 216, 1),
(659, 76, '16', 36, 4.5, 162, 1),
(660, 76, '65', 12, 12, 144, 1),
(661, 76, '56', 6, 105, 630, 1),
(662, 76, '57', 6, 20, 120, 1),
(663, 77, '119', 4, 73, 292, 1),
(664, 77, '85', 5, 69, 345, 1),
(665, 77, '133', 5, 230, 1150, 1),
(666, 77, '84', 2, 180, 360, 1),
(667, 77, '97', 4, 32, 128, 1),
(668, 77, '82', 6, 42, 252, 1),
(669, 77, '123', 2, 97, 194, 1),
(670, 77, '25', 12, 42, 504, 1),
(671, 77, '26', 108, 14, 1512, 1),
(672, 77, '91', 10, 49.5, 495, 1),
(673, 78, '105', 20, 57, 1140, 1),
(674, 78, '101', 14, 67, 938, 1),
(675, 78, '98', 10, 48, 480, 1),
(676, 78, '28', 2, 42, 84, 1),
(677, 78, '30', 30, 42, 1260, 1),
(678, 78, '26', 28, 14, 392, 1),
(679, 78, '123', 1, 98, 98, 1),
(680, 78, '92', 2, 30, 60, 1),
(681, 78, '84', 1, 165, 165, 1),
(682, 78, '91', 4, 54, 216, 1),
(683, 78, '2', 1, 285, 285, 1),
(684, 78, '57', 1, 20, 20, 1),
(685, 78, '127', 1, 25, 25, 1),
(686, 78, '65', 2, 10, 20, 1),
(687, 78, '150', 1, 45, 45, 1),
(688, 78, '78', 1, 35, 35, 1),
(689, 78, '82', 6, 40, 240, 1),
(690, 79, '69', 1, 350, 350, 1),
(691, 79, '178', 1, 26, 26, 1),
(692, 79, '54', 1, 140, 140, 1),
(693, 79, '45', 1, 38, 38, 1),
(694, 79, '15', 4, 4.5, 18, 1),
(695, 79, '77', 1, 14, 14, 1),
(696, 79, '87', 1, 105, 105, 1),
(697, 79, '57', 1, 20, 20, 1),
(698, 69, '28', 2, 42, 84, 1),
(700, 80, '16', 50, 4.4, 220, 1),
(701, 80, '57', 20, 20, 400, 1),
(702, 80, '56', 10, 105, 1050, 1),
(703, 80, '9', 1, 690, 690, 1),
(704, 80, '2', 17, 276, 4692, 1),
(705, 80, '10', 2, 98, 196, 1),
(706, 80, '54', 1, 145, 145, 1),
(707, 81, '26', 35, 14, 490, 1),
(708, 81, '28', 15, 35, 525, 1),
(709, 81, '25', 10, 41, 410, 1),
(710, 81, '93', 4, 29, 116, 1),
(711, 81, '92', 4, 29, 116, 1),
(712, 81, '119', 2, 73, 146, 1),
(713, 81, '123', 3, 98, 294, 1),
(714, 81, '82', 3, 38, 114, 1),
(715, 81, '81', 3, 185, 555, 1),
(716, 81, '83', 12, 22, 264, 1),
(717, 81, '91', 12, 51, 612, 1),
(718, 81, '84', 4, 162, 648, 1),
(719, 81, '35', 3, 256, 768, 1),
(720, 81, '85', 4, 67, 268, 1),
(721, 81, '116', 4, 65, 260, 1),
(722, 82, '105', 20, 57, 1140, 1),
(723, 82, '112', 1, 160, 160, 1),
(724, 82, '101', 15, 145, 2175, 1),
(725, 80, '36', 1, 500, 500, 1),
(726, 82, '98', 4, 48, 192, 1),
(727, 82, '104', 1, 150, 75, 1),
(729, 73, '66', 1, 29, 29, 1),
(730, 73, '67', 1, 29, 29, 1),
(731, 73, '65', 2, 10, 20, 1),
(732, 73, '10', 6, 94, 564, 1),
(733, 72, '91', 4, 53, 212, 1),
(734, 67, '87', 2, 105, 210, 1),
(735, 67, '159', 2, 99, 198, 1),
(736, 67, '105', 24, 57, 1368, 1),
(737, 83, '107', 28, 280, 7840, 1),
(738, 83, '98', 28, 49, 1372, 1),
(739, 83, '101', 65, 67, 4355, 1),
(740, 83, '112', 2, 478, 956, 1),
(741, 83, '113', 1, 243, 243, 1),
(742, 83, '25', 30, 43, 1290, 1),
(743, 83, '30', 25, 47, 1175, 1),
(744, 83, '26', 80, 14, 1120, 1),
(745, 83, '91', 15, 53, 795, 1),
(746, 83, '93', 25, 34, 850, 1),
(747, 83, '35', 4, 255, 1020, 1),
(748, 84, '3', 25, 372, 9300, 1),
(749, 84, '179', 240, 14, 3360, 1),
(750, 84, '27', 24, 80, 1920, 1),
(751, 84, '139', 24, 60, 1440, 1),
(752, 84, '187', 120, 6.25, 750, 1),
(753, 84, '10', 12, 98, 1176, 1),
(754, 84, '89', 100, 2, 200, 1),
(1146, 134, '30', 18, 47, 846, 1),
(1145, 134, '26', 86, 14, 1204, 1),
(1144, 134, '25', 28, 43, 1204, 1),
(1143, 134, '112', 2, 478, 956, 1),
(1142, 134, '101', 65, 67, 4355, 1),
(1141, 132, '35', 12, 260, 3120, 1),
(761, 86, '3', 20, 372, 7440, 1),
(762, 86, '10', 24, 98, 2352, 1),
(763, 86, '54', 12, 130, 1560, 1),
(764, 86, '15', 24, 4.5, 108, 1),
(765, 86, '77', 12, 14, 168, 1),
(766, 86, '188', 12, 295, 3540, 1),
(767, 87, '25', 12, 43, 516, 1),
(768, 87, '82', 16, 42, 672, 1),
(769, 87, '26', 24, 14, 336, 1),
(770, 87, '28', 20, 42, 840, 1),
(771, 87, '93', 10, 33, 330, 1),
(772, 87, '176', 4, 180, 720, 1),
(773, 87, '177', 2, 350, 700, 1),
(774, 88, '189', 12, 65, 780, 1),
(775, 88, '82', 13, 42, 546, 1),
(776, 88, '26', 24, 14, 336, 1),
(777, 88, '93', 6, 33, 198, 1),
(778, 88, '35', 5, 260, 1300, 1),
(779, 89, '113', 4, 242, 968, 1),
(780, 89, '112', 2, 470, 940, 1),
(781, 89, '101', 16, 67, 1072, 1),
(782, 89, '103', 1, 165, 165, 1),
(783, 89, '98', 10, 48, 480, 1),
(784, 89, '105', 12, 57, 684, 1),
(785, 90, '3', 30, 372, 11160, 1),
(786, 90, '179', 240, 14, 3360, 1),
(787, 90, '86', 12, 95, 1140, 1),
(788, 90, '190', 10, 75, 750, 1),
(789, 90, '191', 12, 20, 240, 1),
(790, 90, '89', 100, 2, 200, 1),
(791, 91, '113', 2, 242, 484, 1),
(792, 91, '112', 1, 470, 470, 1),
(793, 91, '103', 2, 165, 330, 1),
(794, 91, '98', 8, 48, 384, 1),
(795, 91, '105', 12, 57, 684, 1),
(817, 93, '26', 24, 14, 336, 1),
(816, 93, '112', 2, 478, 956, 1),
(798, 92, '54', 2, 135, 270, 1),
(799, 92, '46', 3, 10, 30, 1),
(800, 92, '77', 5, 14, 70, 1),
(801, 92, '73', 2, 10, 20, 1),
(802, 92, '72', 3, 10, 30, 1),
(803, 92, '157', 10, 34, 340, 1),
(804, 92, '75', 3, 60, 180, 1),
(805, 92, '31', 2, 38, 76, 1),
(806, 92, '32', 2, 45, 90, 1),
(807, 92, '178', 2, 32, 64, 1),
(808, 92, '57', 10, 20, 200, 1),
(815, 93, '98', 2, 49, 98, 1),
(810, 93, '81', 3, 195, 585, 1),
(811, 93, '105', 15, 57, 855, 1),
(812, 93, '91', 4, 52, 208, 1),
(813, 93, '85', 1, 69, 69, 1),
(814, 93, '84', 1, 168, 168, 1),
(818, 94, '98', 4, 49, 196, 1),
(819, 94, '112', 1, 475, 475, 1),
(820, 94, '113', 2, 240, 480, 1),
(821, 94, '101', 4, 69, 276, 1),
(822, 94, '25', 1, 42, 42, 1),
(823, 94, '28', 2, 42, 84, 1),
(824, 94, '82', 1, 40, 40, 1),
(825, 94, '81', 2, 195, 390, 1),
(826, 95, '181', 2, 120, 240, 1),
(827, 95, '45', 2, 40, 80, 1),
(828, 95, '129', 2, 80, 160, 1),
(829, 95, '52', 2, 38, 76, 1),
(830, 95, '10', 5, 96, 480, 1),
(831, 95, '193', 5, 96, 480, 1),
(832, 96, '3', 25, 372, 9300, 1),
(833, 96, '179', 200, 8, 1600, 1),
(834, 96, '183', 12, 60, 720, 1),
(835, 96, '194', 20, 70, 1400, 1),
(836, 97, '113', 4, 242, 968, 1),
(837, 97, '112', 2, 470, 940, 1),
(838, 97, '101', 16, 67, 1072, 1),
(839, 97, '103', 3, 165, 495, 1),
(840, 97, '98', 10, 47, 470, 1),
(841, 97, '105', 10, 57, 570, 1),
(1038, 121, '1', 5, 290, 1450, 1),
(843, 99, '26', 1392, 13, 18096, 1),
(844, 99, '25', 24, 42, 1008, 1),
(845, 99, '81', 5, 195, 975, 1),
(846, 99, '98', 45, 49, 2205, 1),
(847, 99, '100', 4, 245, 980, 1),
(848, 99, '35', 5, 260, 1300, 1),
(849, 99, '1', 5, 276, 1380, 1),
(850, 99, '102', 15, 145, 2175, 1),
(851, 99, '52', 4, 33, 132, 1),
(852, 99, '104', 3, 205, 615, 1),
(853, 99, '160', 4, 680, 2720, 1),
(854, 100, '26', 24, 14, 336, 1),
(855, 101, '6', 10, 780, 7800, 1),
(856, 101, '1', 50, 275, 13750, 1),
(857, 101, '35', 24, 250, 6000, 1),
(858, 101, '81', 36, 175, 6300, 1),
(859, 101, '214', 20, 25, 500, 1),
(860, 101, '215', 10, 28, 280, 1),
(861, 101, '217', 1, 410, 410, 1),
(862, 101, '27', 12, 90, 1080, 1),
(863, 101, '83', 24, 20, 480, 1),
(1126, 118, '50', 4, 35, 140, 1),
(865, 101, '140', 12, 65, 780, 1),
(866, 101, '25', 60, 42, 2520, 1),
(867, 101, '136', 12, 200, 2400, 1),
(1125, 91, '101', 8, 67, 536, 1),
(869, 101, '116', 12, 65, 780, 1),
(870, 101, '15', 144, 4.5, 648, 1),
(871, 101, '17', 36, 4.5, 162, 1),
(872, 101, '77', 24, 14, 336, 1),
(873, 102, '148', 12, 12, 144, 1),
(874, 102, '73', 12, 10, 120, 1),
(875, 102, '10', 12, 102, 1224, 1),
(876, 102, '193', 30, 84, 2520, 1),
(877, 102, '57', 20, 20, 400, 1),
(878, 102, '127', 20, 35, 700, 1),
(879, 102, '128', 20, 45, 900, 1),
(880, 102, '26', 240, 13.5, 3240, 1),
(881, 102, '195', 1, 400, 400, 1),
(882, 102, '213', 1, 300, 300, 1),
(883, 102, '92', 24, 29, 696, 1),
(884, 102, '182', 4, 75, 300, 1),
(885, 102, '216', 10, 45, 450, 1),
(886, 102, '166', 36, 10, 360, 1),
(887, 102, '31', 24, 75, 1800, 1),
(888, 102, '76', 5, 150, 750, 1),
(889, 103, '25', 3, 42, 126, 1),
(890, 103, '101', 1, 67, 67, 1),
(891, 103, '98', 1, 48, 48, 1),
(892, 103, '81', 3, 190, 570, 1),
(893, 103, '35', 1, 260, 260, 1),
(894, 104, '2', 3, 280, 840, 1),
(895, 104, '89', 100, 2, 200, 1),
(896, 104, '15', 12, 4.5, 54, 1),
(897, 104, '56', 4, 105, 420, 1),
(898, 104, '88', 300, 1.5, 450, 1),
(899, 104, '52', 5, 35, 175, 1),
(900, 104, '20', 3, 15, 45, 1),
(901, 104, '58', 2, 75, 150, 1),
(902, 104, '31', 2, 30, 60, 1),
(903, 105, '81', 3, 190, 570, 1),
(904, 105, '82', 2, 44, 88, 1),
(905, 105, '26', 20, 14, 280, 1),
(906, 105, '25', 10, 41, 410, 1),
(907, 105, '93', 1, 34, 34, 1),
(908, 105, '91', 3, 52, 156, 1),
(909, 105, '83', 4, 22, 88, 1),
(910, 105, '97', 1, 29, 29, 1),
(911, 105, '118', 1, 195, 195, 1),
(912, 105, '28', 3, 42, 126, 1),
(913, 106, '101', 17, 66, 1122, 1),
(914, 106, '105', 20, 57, 1140, 1),
(915, 106, '98', 3, 50, 150, 1),
(916, 107, '98', 30, 50, 1500, 1),
(917, 107, '102', 12, 145, 1740, 1),
(918, 107, '2', 1, 290, 290, 1),
(919, 107, '160', 1, 680, 680, 1),
(920, 107, '92', 4, 29, 116, 1),
(921, 107, '26', 180, 13, 2340, 1),
(922, 107, '25', 8, 42, 336, 1),
(923, 107, '38', 6, 195, 1170, 1),
(924, 107, '104', 2, 210, 420, 1),
(925, 107, '31', 2, 30, 60, 1),
(926, 107, '15', 24, 4.5, 108, 1),
(927, 107, '57', 20, 20, 400, 1),
(928, 107, '54', 1, 135, 135, 1),
(929, 107, '35', 5, 260, 1300, 1),
(930, 108, '56', 4, 105, 420, 1),
(931, 108, '2', 7, 295, 2065, 1),
(932, 108, '8', 2, 230, 460, 1),
(933, 108, '15', 24, 4.5, 108, 1),
(934, 108, '36', 1, 500, 500, 1),
(935, 109, '25', 6, 42, 252, 1),
(936, 109, '26', 12, 14, 168, 1),
(937, 109, '28', 2, 42, 84, 1),
(938, 109, '91', 3, 52, 156, 1),
(939, 109, '81', 2, 190, 380, 1),
(940, 109, '92', 2, 30, 60, 1),
(941, 109, '82', 2, 40, 80, 1),
(942, 109, '83', 6, 20, 120, 1),
(943, 109, '84', 2, 150, 300, 1),
(944, 109, '98', 3, 50, 150, 1),
(945, 109, '101', 5, 66, 330, 1),
(946, 109, '105', 4, 57, 228, 1),
(947, 110, '26', 60, 14, 840, 1),
(948, 110, '25', 20, 42, 840, 1),
(949, 110, '93', 4, 33, 132, 1),
(950, 110, '91', 4, 52, 208, 1),
(951, 110, '82', 4, 40, 160, 1),
(952, 110, '159', 2, 99, 198, 1),
(953, 111, '98', 5, 49, 245, 1),
(954, 111, '8', 5, 225, 1125, 1),
(955, 111, '101', 16, 67, 1072, 1),
(956, 111, '3', 5, 380, 1900, 1),
(957, 111, '20', 10, 14, 140, 1),
(958, 111, '22', 10, 14, 140, 1),
(959, 111, '141', 1, 40, 40, 1),
(960, 111, '178', 2, 32, 64, 1),
(961, 111, '128', 5, 42, 210, 1),
(962, 111, '52', 5, 38, 190, 1),
(963, 111, '10', 5, 96, 480, 1),
(964, 111, '112', 5, 478, 2390, 1),
(965, 111, '105', 15, 57, 855, 1),
(966, 111, '5', 1, 500, 500, 1),
(967, 112, '105', 16, 57, 912, 1),
(968, 112, '101', 24, 68, 1632, 1),
(969, 112, '98', 8, 48, 384, 1),
(970, 113, '28', 2, 42, 84, 1),
(971, 113, '30', 28, 42, 1176, 1),
(972, 113, '25', 15, 42, 630, 1),
(973, 113, '26', 28, 14, 392, 1),
(974, 113, '123', 2, 98, 196, 1),
(975, 113, '81', 2, 190, 380, 1),
(976, 113, '91', 4, 54, 216, 1),
(977, 113, '92', 2, 30, 60, 1),
(978, 113, '82', 6, 40, 240, 1),
(979, 113, '159', 1, 98, 98, 1),
(980, 113, '84', 1, 165, 165, 1),
(981, 113, '85', 1, 68, 68, 1),
(982, 114, '2', 2, 280, 560, 1),
(983, 114, '10', 2, 90, 180, 1),
(984, 114, '57', 2, 20, 40, 1),
(985, 114, '15', 12, 4.5, 54, 1),
(986, 114, '140', 2, 75, 150, 1),
(987, 114, '183', 1, 120, 120, 1),
(988, 114, '128', 1, 35, 35, 1),
(989, 114, '34', 1, 80, 80, 1),
(990, 115, '15', 100, 4.4, 440, 1),
(991, 115, '16', 50, 4.4, 220, 1),
(992, 115, '26', 35, 14, 490, 1),
(993, 115, '28', 15, 42, 630, 1),
(994, 115, '25', 10, 41, 410, 1),
(995, 115, '56', 10, 105, 1050, 1),
(996, 115, '57', 20, 20, 400, 1),
(997, 115, '36', 1, 500, 500, 1),
(998, 115, '9', 1, 690, 690, 1),
(999, 115, '2', 17, 276, 4692, 1),
(1000, 115, '10', 2, 98, 196, 1),
(1001, 115, '54', 1, 145, 145, 1),
(1002, 116, '93', 4, 29, 116, 1),
(1003, 116, '92', 4, 29, 116, 1),
(1004, 116, '119', 2, 73, 146, 1),
(1005, 116, '123', 3, 98, 294, 1),
(1006, 116, '82', 3, 38, 114, 1),
(1007, 116, '81', 3, 185, 555, 1),
(1008, 116, '91', 12, 51, 612, 1),
(1009, 116, '83', 12, 22, 264, 1),
(1010, 116, '84', 4, 162, 648, 1),
(1011, 116, '35', 3, 256, 768, 1),
(1012, 116, '85', 4, 67, 268, 1),
(1013, 116, '116', 4, 65, 260, 1),
(1014, 117, '105', 20, 57, 1140, 1),
(1015, 117, '112', 1, 160, 160, 1),
(1016, 117, '98', 4, 48, 192, 1),
(1017, 117, '104', 1, 150, 75, 1),
(1018, 118, '2', 8, 285, 2280, 1),
(1019, 118, '25', 6, 42, 252, 1),
(1020, 118, '26', 38, 14, 532, 1),
(1127, 118, '59', 1, 125, 125, 1),
(1022, 118, '60', 1, 125, 125, 1),
(1064, 124, '1', 60, 290, 17400, 1),
(1024, 118, '15', 24, 4.5, 108, 1),
(1025, 118, '16', 24, 4.5, 108, 1),
(1026, 118, '10', 4, 94, 376, 1),
(1027, 118, '36', 1, 500, 500, 1),
(1028, 119, '105', 4, 57, 228, 1),
(1029, 119, '98', 4, 50, 200, 1),
(1030, 119, '102', 1, 145, 145, 1),
(1031, 120, '91', 5, 53, 265, 1),
(1032, 120, '118', 3, 180, 540, 1),
(1033, 120, '81', 3, 190, 570, 1),
(1034, 120, '82', 6, 40, 240, 1),
(1035, 120, '93', 2, 32, 64, 1),
(1036, 120, '123', 2, 98, 196, 1),
(1037, 118, '49', 1, 30, 30, 1),
(1039, 121, '10', 6, 96, 576, 1),
(1040, 121, '15', 24, 4.5, 108, 1),
(1041, 121, '29', 1, 125, 125, 1),
(1042, 121, '65', 6, 12, 72, 1),
(1043, 113, '218', 1, 60, 60, 1),
(1044, 122, '81', 6, 190, 1140, 1),
(1045, 122, '82', 12, 40, 480, 1),
(1046, 122, '84', 3, 172, 516, 1),
(1047, 122, '85', 6, 69, 414, 1),
(1048, 122, '25', 12, 42, 504, 1),
(1049, 122, '26', 48, 13, 624, 1),
(1050, 122, '28', 4, 42, 168, 1),
(1051, 122, '35', 2, 260, 520, 1),
(1052, 122, '91', 12, 53, 636, 1),
(1053, 122, '92', 2, 29, 58, 1),
(1054, 122, '97', 2, 30, 60, 1),
(1055, 123, '98', 6, 49, 294, 1),
(1056, 123, '101', 20, 66, 1320, 1),
(1057, 123, '103', 1, 165, 165, 1),
(1058, 123, '105', 10, 57, 570, 1),
(1059, 123, '111', 3, 675, 2025, 1),
(1060, 123, '113', 12, 238, 2856, 1),
(1061, 123, '112', 2, 475, 950, 1),
(1062, 122, '119', 1, 73, 73, 1),
(1063, 122, '123', 4, 97, 388, 1),
(1123, 124, '10', 15, 98, 1470, 1),
(1066, 124, '15', 120, 4.5, 540, 1),
(1067, 124, '16', 60, 4.5, 270, 1),
(1068, 124, '20', 20, 14, 280, 1),
(1069, 124, '31', 3, 30, 90, 1),
(1070, 124, '36', 3, 510, 1530, 1),
(1071, 124, '47', 1, 65, 65, 1),
(1072, 124, '46', 1, 12, 12, 1),
(1073, 124, '49', 1, 45, 45, 1),
(1074, 124, '48', 1, 30, 30, 1),
(1075, 124, '52', 5, 40, 200, 1),
(1076, 124, '54', 4, 130, 520, 1),
(1077, 124, '56', 20, 105, 2100, 1),
(1078, 124, '57', 20, 20, 400, 1),
(1079, 124, '65', 10, 10, 100, 1),
(1080, 124, '67', 5, 35, 175, 1),
(1081, 124, '73', 2, 10, 20, 1),
(1082, 124, '72', 2, 8, 16, 1),
(1083, 124, '77', 3, 14, 42, 1),
(1084, 125, '81', 8, 190, 1520, 1),
(1085, 125, '83', 25, 22, 550, 1),
(1086, 125, '84', 3, 172, 516, 1),
(1087, 125, '85', 4, 69, 276, 1),
(1088, 125, '87', 2, 95, 190, 1),
(1089, 125, '90', 1, 89, 89, 1),
(1090, 125, '25', 25, 42, 1050, 1),
(1091, 125, '26', 168, 14, 2352, 1),
(1092, 125, '35', 6, 260, 1560, 1),
(1093, 125, '92', 2, 29, 58, 1),
(1094, 125, '97', 1, 29, 29, 1),
(1095, 126, '98', 12, 49, 588, 1),
(1096, 126, '105', 70, 57, 3990, 1),
(1097, 126, '111', 1, 675, 675, 1),
(1098, 126, '112', 4, 478, 1912, 1),
(1099, 126, '113', 10, 238, 2380, 1),
(1100, 124, '9', 5, 680, 3400, 1),
(1101, 126, '101', 40, 66, 2640, 1),
(1102, 121, '76', 1, 105, 105, 1),
(1103, 127, '1', 20, 290, 5800, 1),
(1104, 127, '15', 60, 4.5, 270, 1),
(1105, 127, '65', 12, 12, 144, 1),
(1106, 127, '57', 12, 20, 240, 1),
(1107, 128, '99', 10, 50, 500, 1),
(1108, 128, '112', 1, 470, 470, 1),
(1109, 128, '113', 1, 240, 240, 1),
(1110, 128, '105', 20, 57, 1140, 1),
(1111, 129, '119', 4, 73, 292, 1),
(1112, 129, '85', 5, 69, 345, 1),
(1113, 129, '133', 4, 230, 920, 1),
(1114, 129, '84', 2, 180, 360, 1),
(1115, 129, '82', 6, 42, 252, 1),
(1116, 129, '25', 12, 42, 504, 1),
(1117, 129, '26', 108, 14, 1512, 1),
(1118, 129, '91', 3, 49.5, 148.5, 1),
(1119, 129, '83', 10, 22, 220, 1),
(1120, 128, '101', 20, 67, 1340, 1),
(1121, 130, '107', 28, 280, 7840, 1),
(1122, 130, '98', 28, 49, 1372, 1),
(1124, 125, '123', 5, 97, 485, 1),
(1128, 131, '3', 25, 372, 9300, 1),
(1129, 131, '77', 24, 14, 336, 1),
(1130, 131, '57', 40, 20, 800, 1),
(1131, 132, '26', 48, 14, 672, 1),
(1132, 132, '28', 26, 42, 1092, 1),
(1133, 132, '93', 6, 33, 198, 1),
(1134, 132, '134', 12, 233, 2796, 1),
(1135, 133, '113', 4, 242, 968, 1),
(1136, 133, '112', 2, 470, 940, 1),
(1137, 133, '101', 12, 67, 804, 1),
(1138, 133, '103', 3, 165, 495, 1),
(1139, 133, '98', 10, 47, 470, 1),
(1140, 133, '105', 10, 57, 570, 1),
(1147, 134, '91', 12, 53, 636, 1),
(1148, 134, '93', 3, 34, 102, 1),
(1149, 134, '81', 9, 195, 1755, 1),
(1150, 134, '35', 6, 255, 1530, 1),
(1151, 135, '98', 4, 49, 196, 1),
(1152, 135, '26', 12, 13, 156, 1),
(1153, 135, '28', 4, 42, 168, 1),
(1154, 135, '25', 2, 40, 80, 1),
(1155, 135, '101', 2, 65, 130, 1),
(1156, 135, '91', 1, 50, 50, 1),
(1157, 135, '81', 2, 195, 390, 1),
(1158, 135, '1', 1, 280, 280, 1),
(1159, 135, '15', 12, 4.5, 54, 1),
(1160, 136, '15', 15, 4.5, 67.5, 1),
(1161, 136, '38', 3, 195, 585, 1),
(1162, 136, '82', 4, 42, 168, 1),
(1163, 136, '28', 4, 42, 168, 1),
(1164, 136, '26', 14, 14, 196, 1),
(1165, 136, '93', 1, 34, 34, 1),
(1166, 136, '91', 3, 53, 159, 1),
(1167, 136, '123', 2, 95, 190, 1),
(1168, 136, '94', 4, 67, 268, 1),
(1169, 136, '98', 2, 48, 96, 1),
(1172, 137, '221', 70, 9, 630, 1),
(1173, 137, '220', 36, 109, 3924, 1),
(1174, 135, '112', 1, 450, 450, 1),
(1175, 135, '113', 2, 243, 486, 1),
(1176, 131, '89', 200, 2, 400, 1),
(1177, 138, '105', 30, 57, 1710, 1),
(1178, 138, '112', 4, 478, 1912, 1),
(1179, 138, '98', 4, 49, 196, 1),
(1180, 139, '3', 30, 372, 11160, 1),
(1181, 139, '15', 36, 4.5, 162, 1),
(1182, 139, '16', 12, 4.5, 54, 1),
(1183, 139, '17', 12, 4.5, 54, 1),
(1184, 139, '65', 24, 13, 312, 1),
(1185, 139, '10', 24, 95, 2280, 1),
(1186, 140, '113', 4, 242, 968, 1),
(1187, 140, '112', 2, 470, 940, 1),
(1188, 140, '101', 12, 67, 804, 1),
(1189, 140, '103', 2, 165, 330, 1),
(1190, 140, '98', 10, 47, 470, 1),
(1191, 140, '105', 8, 57, 456, 1);

-- --------------------------------------------------------

--
-- Table structure for table `permissions`
--

CREATE TABLE IF NOT EXISTS `permissions` (
  `permission_id` int(11) NOT NULL AUTO_INCREMENT,
  `permission` varchar(100) NOT NULL,
  `permission_alias` varchar(100) NOT NULL,
  `description` varchar(255) NOT NULL,
  `created_on` datetime NOT NULL,
  `edited_on` datetime NOT NULL,
  `group_id` int(11) NOT NULL,
  `status` tinyint(1) NOT NULL,
  PRIMARY KEY (`permission_id`)
) ENGINE=InnoDB  DEFAULT CHARSET=latin1 AUTO_INCREMENT=64 ;

--
-- Dumping data for table `permissions`
--

INSERT INTO `permissions` (`permission_id`, `permission`, `permission_alias`, `description`, `created_on`, `edited_on`, `group_id`, `status`) VALUES
(1, 'Manage Product', 'manage_product', '', '2014-03-11 00:00:00', '0000-00-00 00:00:00', 9, 0),
(3, 'Add Product', 'add_product', '', '2014-03-11 00:00:00', '0000-00-00 00:00:00', 9, 0),
(4, 'Edit Product', 'edit_product', '', '2014-03-11 00:00:00', '0000-00-00 00:00:00', 9, 0),
(5, 'Delete Product', 'delete_product', '', '2014-03-11 00:00:00', '0000-00-00 00:00:00', 9, 0),
(6, 'Add User', 'add_user', '', '2014-03-11 00:00:00', '0000-00-00 00:00:00', 2, 0),
(7, 'Edit User', 'edit_user', '', '2014-03-11 00:00:00', '0000-00-00 00:00:00', 2, 0),
(8, 'Manager User', 'manager_user', '', '2014-03-11 00:00:00', '0000-00-00 00:00:00', 2, 0),
(9, 'Delete User', 'delete_user', '', '2014-03-11 00:00:00', '0000-00-00 00:00:00', 2, 0),
(10, 'Manager Supplier', 'manager_supplier', '', '2014-03-11 00:00:00', '0000-00-00 00:00:00', 3, 0),
(11, 'Manage Home', 'manage_home', '', '2014-03-11 00:00:00', '0000-00-00 00:00:00', 1, 0),
(12, 'Add Supplier', 'add_supplier', '', '2014-03-11 00:00:00', '0000-00-00 00:00:00', 3, 0),
(13, 'Price Assign', 'price_assign', '', '2014-03-11 00:00:00', '0000-00-00 00:00:00', 9, 0),
(14, 'Manage Role', 'manage_role', '', '2014-03-11 00:00:00', '0000-00-00 00:00:00', 10, 0),
(15, 'Add Role', 'add_role', '', '2014-03-11 00:00:00', '0000-00-00 00:00:00', 10, 0),
(16, 'Edit Role', 'edit_role', '', '2014-03-11 00:00:00', '0000-00-00 00:00:00', 10, 0),
(17, 'Delete Role', 'delete_role', '', '2014-03-11 00:00:00', '0000-00-00 00:00:00', 10, 0),
(18, 'Manage Permission', 'manage_permission', '', '2014-03-11 00:00:00', '0000-00-00 00:00:00', 2, 0),
(19, 'Edit Profile', 'edit_profile', '', '2014-03-11 00:00:00', '0000-00-00 00:00:00', 2, 0),
(20, 'Change Password', 'change_password', '', '2014-03-11 00:00:00', '0000-00-00 00:00:00', 2, 0),
(21, 'Edit Supplier', 'edit_supplier', '', '2014-03-11 00:00:00', '0000-00-00 00:00:00', 3, 0),
(22, 'Delete Supplier', 'delete_supplier', '', '2014-03-11 00:00:00', '0000-00-00 00:00:00', 3, 0),
(23, 'Supplier Details', 'supplier_details', '', '2014-03-11 00:00:00', '0000-00-00 00:00:00', 3, 0),
(24, 'Manage Customer', 'manage_customer', '', '2014-03-11 00:00:00', '0000-00-00 00:00:00', 4, 0),
(25, 'Add Customer', 'add_customer', '', '2014-03-11 00:00:00', '0000-00-00 00:00:00', 4, 0),
(26, 'Edit Customer', 'edit_customer', '', '2014-03-11 00:00:00', '0000-00-00 00:00:00', 4, 0),
(27, 'Customer Ledger', 'ledger_customer', '', '2014-03-11 00:00:00', '0000-00-00 00:00:00', 4, 0),
(28, 'Delete Customer', 'delete_customer', '', '2014-03-11 00:00:00', '0000-00-00 00:00:00', 4, 0),
(29, 'Manage Purchase', 'manage_purchase', '', '2014-03-11 00:00:00', '0000-00-00 00:00:00', 5, 0),
(30, 'New Price Assign', 'new_price_assign', '', '2014-03-11 00:00:00', '0000-00-00 00:00:00', 9, 0),
(31, 'Add Purchase', 'add_purchase', '', '2014-03-11 00:00:00', '0000-00-00 00:00:00', 5, 0),
(32, 'Edit Purchase', 'edit_purchase', '', '2014-03-11 00:00:00', '0000-00-00 00:00:00', 5, 0),
(33, 'Delete Purchase', 'delete_purchase', '', '2014-03-11 00:00:00', '0000-00-00 00:00:00', 5, 0),
(34, 'Purchase Details', 'purchase_details', '', '2014-03-11 00:00:00', '0000-00-00 00:00:00', 5, 0),
(35, 'Print Purchase', 'print_purchase', '', '2014-03-11 00:00:00', '0000-00-00 00:00:00', 5, 0),
(36, 'Manage Invoice', 'manage_invoice', '', '2014-03-11 00:00:00', '0000-00-00 00:00:00', 6, 0),
(37, 'Add Invoice', 'add_invoice', '', '2014-03-11 00:00:00', '0000-00-00 00:00:00', 6, 0),
(38, 'Edit Invoice', 'edit_invoice', '', '2014-03-11 00:00:00', '0000-00-00 00:00:00', 6, 0),
(39, 'Delete Invoice', 'delete_invoice', '', '2014-03-11 00:00:00', '0000-00-00 00:00:00', 6, 0),
(40, 'Manage Receipt', 'manage_receipt', '', '2014-03-11 00:00:00', '0000-00-00 00:00:00', 11, 0),
(41, 'Add Receipt', 'add_receipt', '', '2014-03-11 00:00:00', '0000-00-00 00:00:00', 11, 0),
(42, 'Edit Receipt', 'edit_receipt', '', '2014-03-11 00:00:00', '0000-00-00 00:00:00', 11, 0),
(43, 'Receipt Details', 'receipt_details', '', '2014-03-11 00:00:00', '0000-00-00 00:00:00', 11, 0),
(44, 'Manage Deposit', 'manage_deposit', '', '2014-03-11 00:00:00', '0000-00-00 00:00:00', 12, 0),
(45, 'Add Deposit', 'add_deposit', '', '2014-03-11 00:00:00', '0000-00-00 00:00:00', 12, 0),
(46, 'Edit Deposit', 'edit_deposit', '', '2014-03-11 00:00:00', '0000-00-00 00:00:00', 12, 0),
(47, 'Manage  Report', 'manage_report', '', '2014-03-11 00:00:00', '0000-00-00 00:00:00', 8, 0),
(48, 'Stock Report Single Items', 'stock_report', '', '2014-03-11 00:00:00', '0000-00-00 00:00:00', 8, 0),
(49, 'Todays Sales Reports', 'todays_sale_report', '', '2014-03-11 00:00:00', '0000-00-00 00:00:00', 8, 0),
(50, 'Todays Purchase Report', 'todays_purchase_report', '', '2014-03-11 00:00:00', '0000-00-00 00:00:00', 8, 0),
(51, 'Date Wise Report', 'date_wise_report', '', '2014-03-11 00:00:00', '0000-00-00 00:00:00', 8, 0),
(52, 'Manage Bank', 'manage_bank', '', '2014-03-11 00:00:00', '0000-00-00 00:00:00', 7, 0),
(53, 'Add Bank', 'add_bank', '', '2014-03-11 00:00:00', '0000-00-00 00:00:00', 7, 0),
(54, 'Manage Closing', 'manage_closing', '', '2014-03-11 00:00:00', '0000-00-00 00:00:00', 13, 0),
(55, 'Add Drawing', 'add_drawing', '', '2014-03-11 00:00:00', '0000-00-00 00:00:00', 13, 0),
(56, 'Add Expences', 'add_expences', '', '2014-03-11 00:00:00', '0000-00-00 00:00:00', 13, 0),
(57, 'Add Banking', 'add_banking', '', '2014-03-11 00:00:00', '0000-00-00 00:00:00', 13, 0),
(58, 'Add Final Closing', 'add_final_closing', '', '2014-03-11 00:00:00', '0000-00-00 00:00:00', 13, 0),
(59, 'Closing Report', 'closing_report', '', '2014-03-11 00:00:00', '0000-00-00 00:00:00', 13, 0),
(60, 'Manage Auth Person', 'manage_auth_person', 'manage_auth_person', '2014-05-31 00:00:00', '0000-00-00 00:00:00', 14, 1),
(61, 'Add Auth Person', 'add_auth_person', 'add_auth_person', '2014-05-31 00:00:00', '0000-00-00 00:00:00', 14, 1),
(62, 'Edit Auth Person', 'edit_auth_person', 'edit_auth_person', '2014-05-31 00:00:00', '0000-00-00 00:00:00', 14, 1),
(63, 'Delete Auth Person', 'Delete Auth Person', 'delete_auth_person', '2014-05-31 00:00:00', '0000-00-00 00:00:00', 14, 1);

-- --------------------------------------------------------

--
-- Table structure for table `permission_groups`
--

CREATE TABLE IF NOT EXISTS `permission_groups` (
  `group_id` int(11) NOT NULL AUTO_INCREMENT,
  `group` varchar(100) NOT NULL,
  `group_alias` varchar(100) NOT NULL,
  `status` tinyint(1) NOT NULL,
  PRIMARY KEY (`group_id`)
) ENGINE=InnoDB  DEFAULT CHARSET=latin1 AUTO_INCREMENT=15 ;

--
-- Dumping data for table `permission_groups`
--

INSERT INTO `permission_groups` (`group_id`, `group`, `group_alias`, `status`) VALUES
(1, 'Home', 'home', 1),
(2, 'User', 'user', 1),
(3, 'Supplier', 'supplier', 1),
(4, 'Customer', 'customer', 1),
(5, 'Purchase', 'purchase', 1),
(6, 'Invoice', 'invoice', 1),
(7, 'Bank', 'bank', 0),
(8, 'Report', 'report', 1),
(9, 'Product', 'Poduct', 1),
(10, 'Role', 'role', 1),
(11, 'Receipt', 'receipt', 1),
(12, 'Deposit', 'deposit', 0),
(13, 'Daily Closing', 'daily_closing', 0),
(14, 'Authorised Person', 'authorised_person', 1);

-- --------------------------------------------------------

--
-- Table structure for table `product_information`
--

CREATE TABLE IF NOT EXISTS `product_information` (
  `product_id` int(11) NOT NULL AUTO_INCREMENT,
  `product_name` varchar(255) NOT NULL,
  `purchase_price` float NOT NULL,
  `quantity_type` varchar(100) NOT NULL,
  `product_model` varchar(100) NOT NULL,
  `product_details` varchar(255) NOT NULL,
  `status` int(2) NOT NULL,
  PRIMARY KEY (`product_id`)
) ENGINE=MyISAM  DEFAULT CHARSET=latin1 AUTO_INCREMENT=222 ;

--
-- Dumping data for table `product_information`
--

INSERT INTO `product_information` (`product_id`, `product_name`, `purchase_price`, `quantity_type`, `product_model`, `product_details`, `status`) VALUES
(1, 'Papertech A4 80gsm Paper', 260, 'Rim', 'A-4', 'A4 80gsm', 1),
(2, 'Bashundhara Paper A4 80 GSM ', 258, 'Rim', 'A4', 'A4 80 GSM ', 1),
(3, 'Double A A4 80gsm Paper ', 356, 'Rim', 'A4', 'A4 80gsm ', 1),
(4, 'Double A A4 80gsm Paper Normal', 260, 'Rim', 'A-4', 'A4 80gsm', 1),
(5, 'Double A B4 80gsm paper', 460, 'Rim', 'B4', 'B4 80gsm', 1),
(6, 'Double A A3 80gsm Paper', 650, 'Rim', 'A3', 'A3 80gsm ', 1),
(7, 'Orient  Photo Copy A4 Paper', 170, 'Rim', 'A4', 'A4 65gsm', 1),
(8, 'Photo Copy Paper Century A4 80 Gsm', 215, 'Rim', 'A4', 'A4 80 Gsm', 1),
(9, 'Golden Star A4 Paper 80 gsm', 580, 'Rim', 'A4 Paper 80 gsm', 'Dot Printer Paper ', 1),
(10, 'Index file 3', 83, 'Pieces', '3', 'File 3"', 1),
(11, 'Index file 3" Catton', 65, 'Pieces', 'file 3" Catton', 'file 3" Catton', 1),
(12, 'Box File', 36, 'Pieces', 'N/L', 'Catton', 1),
(137, 'Cello Pointec Gel Pen (Blue)', 26, 'Pieces', 'N/L', 'Blue', 1),
(14, 'Plastic File Protectors', 230, 'Packet', 'A4', 'File Protectors', 1),
(15, 'Matador Ball Pen (Black)', 3.6, 'Pieces', 'Black', 'Pen Black', 1),
(16, 'Matador Ball Pen (Red)', 3.6, 'Pieces', 'Red', 'Pen Red', 1),
(17, 'Matador Ball Pen (Blue)', 3.6, 'Pieces', 'Blue', 'Pen Blue', 1),
(23, 'Montex Gel Pen (Green)', 8.8, 'Pieces', 'Green', 'Gel Pen Green', 1),
(19, 'Montex Gel Pen (Red)', 8.8, 'Pieces', 'Red', '\n\n\n\n\n\n\n\n\n\n\n\n\n\n\n\n\n\n\n\n\n\n\n\n\n\n\n\n\n\n\n\n\n\n\n\n\n\n\n\n\n\n\n\n\n\n\nGel Pen Red\n', 1),
(20, 'Montex Gel Pen (Black)', 8.8, 'Pieces', 'Black', 'Gel Pen Black', 1),
(24, 'Cello Pointec Gel Pen Black', 26, 'Pieces', 'Black', 'Gel Pen Black', 1),
(22, 'Montex Gel Pen (Blue)', 8.8, 'Pieces', 'Blue', 'Gel Pen Blue', 1),
(25, 'Bashundhara Facial Tissue', 38, 'Box', 'N/N', 'Box Tissue', 1),
(26, 'Toilet Tissue(reguler)', 12.25, 'Pieces', 'N/N', 'Toilet tissue', 1),
(27, 'Pilot Gel Pen V-5', 78, 'Pieces', 'V-5', 'Gel Pen', 1),
(28, 'Nepkin', 38, 'Pieces', 'N/N', 'Tissue', 1),
(29, 'Pilot Gel Pen V-10', 105, 'Pieces', 'V-10', 'Gel Pen', 1),
(30, 'Kitchen Tissue', 41, 'Pieces', 'N/N', 'Kitchen Tissue', 1),
(31, 'Uni Fine Permanent Marker ', 28, 'Pieces', 'Permanent Marker ', 'Uni Fine 500', 1),
(32, 'Uni Fine Whiteboard Marker (Black)', 28, 'Pieces', 'Whiteboard Marker', 'Uni Fine 500', 1),
(33, 'Nepkin 80 shet', 33, 'Pieces', 'N/N', '80 shet', 1),
(34, 'Board Pin', 65, 'Box', 'N/L', 'Pin', 1),
(35, 'Arosol- ACI Medium ', 230, 'Pieces', 'Medium ', '475ml', 1),
(36, 'Rubber Band ', 445, 'Packet', '1 KG', '1 Kg Packet', 1),
(141, 'Highlighter Faber Castell  (Yellow)', 30, 'Pieces', 'Yellow', 'N/L', 1),
(38, 'Air Freshener Angelic 300 ml ', 170, 'Pieces', 'ACI lemon', '300 ml ', 1),
(39, 'ACI cockroach', 320, 'Pieces', 'N/N', '475ml', 1),
(40, 'High Lighter Yellow', 29, 'Pieces', 'Yellow', 'Yellow', 1),
(41, 'ACI arosol Big', 350, 'Pieces', '800ml', 'Arosol big', 1),
(42, 'High Lighter Blue', 29, 'Pieces', 'Blue', 'Lighter Blue', 1),
(43, 'Savlon 500ml', 113, 'Pieces', '500ml', 'Antiseptic liquidate 500ml', 1),
(44, 'Savlon 1000ml', 210, 'Pieces', '1000ml', 'Antiseptic 1litter ', 1),
(45, 'kangaro stapler pin remover', 34, 'Pieces', 'Small', ' Pin Remover', 1),
(46, 'James Clips Small', 8.5, 'Box', 'Small', 'James Clips Small', 1),
(47, 'James Clips Big', 55, 'Box', 'Big', 'James Clips Big', 1),
(48, 'Binder Clips 19mm(3/4")', 20, 'Dozen', '19mm(3/4")', '19mm(3/4")', 1),
(49, 'Binder Clips 25mm(1")', 25, 'Dozen', '25mm(1")', 'Clips 25mm(1")', 1),
(50, 'Binder Clips 32mm(1-1/2")', 35, 'Dozen', '32mm(1-1/2")', '32mm(1-1/2")', 1),
(51, 'Board Pin Box', 65, 'Box', 'N/L', 'Pin Box', 1),
(52, 'Color Slip Pad', 30, 'Set', 'N/L', 'Slip Pad', 1),
(53, 'Stamp Pad Small', 30, 'Pieces', 'Small', 'Pad', 1),
(54, 'Kangaro Stapler Machine (Small)', 130, 'Pieces', 'Small', '\n\n\n\n\n\n\n\n\n\n\n\n\n\n\n\n\n\n\n\n\n\n\n\n\n\n\n\n\n\n\n\n\n\n\n\n\n\n\n\n\n\nStapler Machine (Small)\n', 1),
(55, 'Matador Stapler Machine (Small)', 105, 'Pieces', 'Small', 'Stapler Machine (Small)', 1),
(56, 'Kangaro Stapler Pin Big', 95, 'Box', 'Big', '23/17', 1),
(57, 'Kangaro Stapler Pin (Small)', 17, 'Box', 'Small', '24/6', 1),
(58, 'Stamp Pad Ink Shiny (Black)', 65, 'Pieces', 'Black', 'Pad Ink Shiny', 1),
(59, 'Stamp Pad Ink Shiny (Blue)', 65, 'Pieces', 'Blue', 'Ink Shiny (Blue)', 1),
(60, 'Stamp Pad Ink Shiny (Red)', 65, 'Pieces', 'Red', 'Pad Ink Shiny (Red)', 1),
(61, 'Stamp Pad Big', 35, 'Pieces', 'Big', 'pad Big', 1),
(62, 'Stamp Pad Ink Horse (Black)', 38, 'Pieces', 'Black', 'Pad Ink Horse (Black)', 1),
(63, 'Stamp Pad Ink Horse (Red)', 38, 'Pieces', 'Red', 'Pad Ink Horse', 1),
(64, 'Stamp Pad Ink Horse (Blue)', 38, 'Pieces', 'Blue', 'Pad Ink Horse ', 1),
(65, 'Scostap Small', 8.5, 'Pieces', 'Small', 'water Color ', 1),
(66, 'Scostap water Color Big', 27.5, 'Pieces', 'Big', 'water Color Big', 1),
(67, 'Scostap brown color Big', 27.5, 'Pieces', 'Big', 'brown color Big', 1),
(68, 'Casio calculator (Small)', 170, 'Pieces', 'Small', 'Small Calculetor', 1),
(69, 'Casio calculator (Big)', 330, 'Pieces', 'Big', 'Calculator Big ', 1),
(70, 'Card Holder (Book) 300 Card ', 88, 'Pieces', 'Small', ' 300 Card ', 1),
(71, 'Scostap Holder', 70, 'Pieces', 'N/L', 'Scostap Holder', 1),
(72, 'Matador Ereser', 5, 'Pieces', 'N/L', 'Ereser', 1),
(73, 'Matador Shapner', 7, 'Pieces', 'N/L', 'Shapner', 1),
(74, 'Uni Fine Whiteboard Marker (Red)', 29, 'Pieces', 'Whiteboard Marker', 'Marker (Red)', 1),
(75, 'Correction Pen (Fluid)', 55, 'Pieces', 'N/L', 'Correction Pen', 1),
(76, 'Scissor', 70, 'Pieces', 'N/L', 'Scissor', 1),
(77, 'Faber Castell Pencil', 12.5, 'Pieces', '2B', 'H/B,2B', 1),
(78, 'Registar kata 16 No', 26, 'Pieces', '16 No', '16 No', 1),
(79, 'Registar kata 24 No', 31, 'Pieces', '24 No', '24 No', 1),
(80, 'Registar kata 32 No', 46, 'Pieces', '32 No', '32 No', 1),
(81, 'Air Freshener Fay ', 168, 'Pieces', 'N/L', '300 ml ', 1),
(82, 'Air Freshener Odonil ', 37, 'Pieces', 'N/L', 'Air Freshner', 1),
(83, 'Cloth Daster', 17, 'Pieces', 'N/L', 'Daster', 1),
(84, 'Rock Floor Cleaner ', 140, 'Pieces', 'N/L', '900 ml', 1),
(85, 'Glass Cleaner (Mr.Brasshu)', 63, 'Pieces', 'N/L', 'Glass Cleaner', 1),
(86, '2 Ring File ', 55, 'Pieces', 'N/L', 'ring File', 1),
(87, 'kangaro Punch Machine', 84, 'Pieces', 'Small', 'Punch Machine', 1),
(88, 'Normal White Kham', 0.7, 'Pieces', 'N/L', 'Kham', 1),
(89, 'A-4 Brown kham', 1.5, 'Pieces', 'N/L', 'Kham', 1),
(90, 'Jet Powder', 85, 'Pieces', '500 Gm', '500 Gm', 1),
(91, 'Lifebuoy Hand Wash (Refil 180ml) ', 48.33, 'Packet', 'Hand Wash', 'Refil 180ml', 1),
(92, 'Vim bar ', 27, 'Pieces', 'N/L', '330 gm', 1),
(93, 'Vim Liquid 250ml', 31, 'Packet', 'N/L', 'Liquid 250ml', 1),
(94, 'LIPTON TAZZA(TEA BAG)', 65, 'Box', 'N/L', 'Tea Bag', 1),
(95, 'Rin Powder ', 48, 'Packet', '500 Gm', 'Powder', 1),
(96, 'LUX Shop Mini', 26, 'Pieces', 'Small', 'Shop Mini', 1),
(97, 'Vim Powder 500gm', 27, 'Packet', '500 gm', 'Powder 500gm', 1),
(98, 'Sugar Fresh', 46, 'Kg', 'N/L', '1 Kg', 1),
(99, 'Sugar Red (Khola)', 48, 'Pieces', 'kg', 'Khola sugar', 1),
(100, 'Fresh Milk Powder 400 Gm', 232, 'Packet', '400 gm', 'Powder 400 Gm', 1),
(101, 'Ispahani Tea Bag ', 61, 'Box', 'N/L', 'Tea Bag ', 1),
(102, 'Ispahani Mirzapore tea 400 Gm', 136, 'Packet', '400 gm', 'tea 400 Gm', 1),
(103, 'Green Tea (KK)', 118, 'Box', 'N/L', 'Tea Bag ', 1),
(104, 'Ginger', 165, 'Kg', 'N/L', 'kawornbazar', 1),
(105, 'Danish Condensed Milk', 55.5, 'Pot', 'N/L', '397 gm', 1),
(106, 'Star Ship Condensed Milk', 55.5, 'Pot', 'N/L', '397 gm', 1),
(107, 'Dano Full Cream Milk Powder - (450 gm)', 285, 'Packet', '400 gm Milk Powder', '400 gm Milk Powder', 1),
(108, '', 12.5, 'Packet', 'Small', '70 gm', 1),
(109, 'Neptholin', 28, 'Packet', '', '32', 1),
(110, 'Diploma Instant Full Cream Milk Powder 500gm', 325, 'Packet', ' 500 gm ', ' 500 gm Milk Powder', 1),
(111, 'Diploma Instant Full Cream Milk Powder (1 Kg)', 645, 'Packet', '1 Kg Milk Powder', '1 Kg Milk Powder', 1),
(112, 'Nescafe Coffee Jar 200 gm', 400, 'jar', '200 gm', '200 gm', 1),
(113, 'Nestle Coffee Mate (450 gm)', 235, 'Packet', '450 gm', '450 gm', 1),
(114, 'Broom flower', 50, 'Pieces', 'flower', 'Broom flower', 1),
(115, 'Mop Handle wood', 110, 'Pieces', 'Wood', 'Wood', 1),
(116, 'Cotton Mop', 50, 'Packet', 'Cotton ', 'Cotton ', 1),
(117, 'Dish Majoni', 30, 'Pieces', '', 'Majoni', 1),
(118, 'Lizol Floor Cleaner 975 Ml', 171, 'Pieces', '975 Ml', '975 Ml', 1),
(119, ' Trix Liquid Lemon  (500 ml)', 67, 'Pieces', '500 gm', '500 ml', 1),
(120, 'Vixol 500 ml', 40, 'Pieces', '500 gm', '500 ml', 1),
(121, 'Harpic Total powder - (400 GM)', 40, 'Packet', '400 GM', '400 GM', 1),
(122, 'Harpic Power Toilet Cleaner - 500ml', 67, 'Pieces', '500ml', '500ml', 1),
(123, 'Harpic Power Toilet Cleaner - 750ml', 90, 'Pieces', '750 ml', '750ml', 1),
(124, 'Mr. Brasso Glass Cleaner Spray-350ml', 98, 'Pieces', 'Spray-350ml', 'Spray-350ml', 1),
(125, 'sticky note 2x1.5"', 14.5, 'Packet', '2x1.5"', '2x1.5"', 1),
(126, 'sticky note 2x3"', 21, 'Packet', '2x3"', '2x3"', 1),
(127, 'sticky note 3x3"', 23.5, 'Packet', '3x3"', '3x3"', 1),
(128, 'sticky note 3x4"', 32.5, 'Packet', '3x4"', '3x4"', 1),
(129, 'Slip Pad Holder ', 65, 'Pieces', 'N/L', 'Holder ', 1),
(130, 'Masking tape 2.5"', 35, 'Pieces', '2.5"', '2.5"', 1),
(131, 'kangaro hd 23 stapler', 1560, 'Pieces', 'kangaro HD 23', 'stapler Matching ', 1),
(132, 'money sponge counter', 10, 'Pieces', 'nl', 'money sponge counter', 1),
(133, 'Air freshener Lotion Admire (paris)', 220, 'Pieces', 'N/L', '300ml', 1),
(134, 'Air Fresheners Ambi pur', 220, 'Pieces', 'N/l', '300 ml', 1),
(135, 'Glass Cleaner Kellys', 96, 'Pieces', '', '350 Ml', 1),
(136, 'Savlon Hand Wash - 1 Litter', 190, 'Pieces', 'N/L', '1 Litter Jar ', 1),
(138, 'Cello Pointec Gel Pen (Red)', 26, 'Pieces', 'Red', 'N/L', 1),
(139, 'PERMANENT MARKER RED LEAF 707 ', 42.91, 'Pieces', 'RED LEAF 707 ', 'RED LEAF 707 ', 1),
(140, 'WHITE BOARD  MARKER RED LEAF 707 ', 60.41, 'Pieces', 'RED LEAF 707 ', 'RED LEAF 707 ', 1),
(142, 'Highlighter Faber Castell  (Blue)', 30, 'Pieces', 'Blue', 'N/L', 1),
(143, 'Binder Clips  41mm(1-5/8")', 55, 'Dozen', '41mm(1-5/8")', '41mm(1-5/8")', 1),
(144, 'Binder Clips  51mm(2")', 75, 'Dozen', '51mm(2")', '51mm(2")', 1),
(145, 'Card Holder (Book) 368 Card ', 98, 'Pieces', 'Book 368 Card ', 'N/L', 1),
(146, 'Correction Pen uni (Fluid) ', 95, 'Pieces', ' uni (Fluid) ', 'N/L', 1),
(147, 'Masking tape 1"', 18, 'Pieces', 'tape 1"', 'tape 1"', 1),
(148, 'Pencil battery', 9.58, 'Pieces', 'N/L', 'N/L', 1),
(149, 'Remote Battery', 21, 'Set', 'N/L', 'N/L', 1),
(150, 'Glue Stick (8gm)', 24.5, 'Pieces', '8gm', '8gm', 1),
(151, 'Glue Stick (21gm)', 45, 'Pieces', '21gm', '21gm', 1),
(152, 'Normal Brown Kham', 0.48, 'Pieces', 'N/L', 'Brown Kham', 1),
(153, 'A-4 Management File', 12.5, 'Pieces', 'A-4', 'A-4 File', 1),
(154, 'Cutter Knife SDI 0404 ', 32, 'Pieces', 'SDI 0404 ', 'SDI 0404 ', 1),
(155, 'Cutter Knife SDI 0433 (Big)', 58, 'Pieces', 'SDI 0433 (Big)', 'SDI 0433 (Big)', 1),
(156, 'Uni Pen Normal (Black)', 3, 'Pieces', 'Normal (Black)', 'Normal (Black)', 1),
(157, 'Magazine File', 24, 'Pieces', 'N/N', 'Stationery', 1),
(158, 'Life Boy Hand wash Pump ', 80.2, 'Pieces', 'N/L', 'N/L', 1),
(159, 'Rin Powder 1 Kg', 96.6, 'Packet', '1Kg', '1 Kg', 1),
(160, 'hand Wash 5 Liter', 620, 'jar', '5 Liter', '5 Liter', 1),
(162, 'Attendance Agent book - 8 No', 35, 'Pieces', '8 No', 'Attendance Agent book - 8 No', 1),
(163, 'Attendance Agent book - 10 No', 40, 'Pieces', '45', 'Attendance Agent book - 10 No', 1),
(164, 'Attendance Agent book - 12 No', 45, 'Pieces', '12 No', 'Attendance Agent book - 8 No', 1),
(165, 'Salt', 24, 'Kg', '1 kg', '1kg', 1),
(166, 'linc Gel pen', 7.65, 'Pieces', 'N/L', 'pen', 1),
(167, 'A4- 2 Ring File (Data)', 63, 'Pieces', 'A4-2', 'N/L', 1),
(168, 'Packaging colour Scotch tape', 39, 'Pieces', 'n/l', 'N/L', 1),
(169, 'Biscuit Fit ', 12.5, 'Packet', 'N/L', '70gm', 1),
(172, 'sheet protector', 3, 'Pieces', 'A4', 'N/n', 1),
(173, 'RFL File Try', 300, 'Box', 'N/L', 'N/L', 1),
(174, 'Jesmen tea bag', 158, 'Box', 'jesmem', 'Green tea bag', 1),
(175, 'Note Book', 265, 'Pieces', 'A''Zone Millinum', 'A'' Zone millinum note book', 1),
(176, 'Mr. muscle glass & household clener', 180, 'Pieces', '750ml', 'glass & household clener', 1),
(177, 'Dry Mob with handle', 310, 'Pieces', 'China', 'Dry mob', 1),
(178, 'scale', 25, 'Pieces', 'N/L', 'N/L', 1),
(179, 'Office File', 5.764, 'Pieces', 'file', 'Paper file', 1),
(180, 'Pen Holder', 98, 'Pieces', 'deil Pen po', 'Pen Holded', 1),
(181, 'Pen Holder', 95, 'Pieces', 'Deil', 'Pen Pot', 1),
(182, 'Cutter Matador ', 65, 'Pieces', 'matador Mediam', 'anti cutter ', 1),
(183, 'Note Book Local', 165, 'Pieces', 'Note', 'Note Book', 1),
(184, 'windows Kham', 1.2, 'Pieces', '120', 'Kham', 1),
(185, 'kangaro punch machine big', 270, 'Pieces', 'pm', 'stationary ', 1),
(186, 'stamp pad Big', 135, 'Pieces', 'P', 'Stamp Pad', 1),
(187, 'Organizing File Sheet/Divider', 5, 'Pieces', '5.5', 'File Divider', 1),
(188, 'note book A'' Zone Millinium', 280, 'Pieces', '100', 'A'' Zone Millinium', 1),
(189, 'Fay Facial Tissu', 65, 'Pieces', '65.00', 'Facial Tissu', 1),
(190, 'paper fastener', 60, 'Box', 'paper clip', 'steel clip', 1),
(191, 'management file', 17, 'Pieces', 'file', 'file', 1),
(192, 'Board Daster ', 9, 'Pieces', 'WD', 'white Board Duster ', 1),
(193, '2" index file ', 83, 'Pieces', '2"', 'index file ', 1),
(194, 'File Clip - Steel 8cm', 55, 'Box', '1 box', 'Steel 8cm', 1),
(195, 'spiral ring small', 2.2, 'Pieces', 'small', 'spiral ring', 1),
(213, 'spiral ring big', 3, 'Pieces', 'big', 'Big', 1),
(214, 'Blank CD YDD', 19, 'Pieces', '700mb', 'YDD', 1),
(215, 'Blank DVD YDD', 20, 'Pieces', '4GB', 'YDD', 1),
(216, 'Binder Clip 26mm', 30, 'Box', '30.00', '26mm', 1),
(217, 'Calculator-Tokiyo', 310, 'Pieces', 'calculator big ', 'Tokiyo Calculator ', 1),
(218, 'jharu', 50, 'Pieces', '50', 'jharu', 1),
(219, 'Nescafe Coffee Jar 100 gm', 220, 'Pieces', '100gm', 'Nescafe Coffee Jar 100 gm', 1),
(220, 'Stamp Paper BDT.100', 104, 'Pieces', 'Stamp Paper ', 'Stamp Paper BDT.100', 1),
(221, 'Cartage Paper Blank', 7, 'Pieces', 'N/A', 'Paper Blank', 1);

-- --------------------------------------------------------

--
-- Table structure for table `product_price_relation`
--

CREATE TABLE IF NOT EXISTS `product_price_relation` (
  `price_relation_id` int(11) NOT NULL AUTO_INCREMENT,
  `product_id` int(11) NOT NULL,
  `customer_id` int(11) NOT NULL,
  `price` float NOT NULL,
  PRIMARY KEY (`price_relation_id`)
) ENGINE=InnoDB  DEFAULT CHARSET=latin1 AUTO_INCREMENT=596 ;

--
-- Dumping data for table `product_price_relation`
--

INSERT INTO `product_price_relation` (`price_relation_id`, `product_id`, `customer_id`, `price`) VALUES
(1, 113, 15, 243),
(2, 26, 18, 14),
(3, 25, 18, 41),
(4, 70, 18, 120),
(5, 91, 18, 51),
(6, 98, 18, 48),
(7, 94, 18, 67),
(8, 15, 18, 4.5),
(9, 70, 17, 130),
(10, 52, 17, 32),
(11, 26, 9, 14),
(12, 98, 9, 49),
(13, 81, 9, 195),
(14, 112, 9, 478),
(15, 25, 9, 42),
(16, 101, 9, 67),
(17, 77, 9, 14),
(18, 15, 9, 4.5),
(19, 126, 9, 40),
(20, 35, 9, 275),
(21, 54, 9, 135),
(22, 106, 9, 57),
(23, 131, 6, 1850),
(24, 98, 10, 50),
(25, 102, 10, 145),
(26, 104, 10, 210),
(27, 25, 10, 42),
(28, 38, 10, 195),
(29, 54, 10, 135),
(30, 26, 10, 13),
(31, 67, 6, 38),
(32, 31, 6, 38),
(33, 1, 6, 290),
(34, 132, 6, 20),
(35, 10, 6, 102),
(36, 11, 6, 78),
(37, 6, 13, 780),
(38, 26, 24, 14),
(39, 28, 24, 42),
(40, 135, 24, 103),
(41, 82, 24, 42),
(42, 93, 24, 33),
(43, 133, 24, 233),
(44, 113, 24, 242),
(45, 134, 24, 233),
(46, 112, 24, 470),
(47, 101, 24, 67),
(48, 103, 24, 165),
(49, 98, 24, 47),
(50, 105, 24, 57),
(51, 26, 13, 13.5),
(52, 136, 13, 200),
(53, 3, 24, 372),
(54, 157, 24, 28),
(55, 14, 24, 280),
(56, 68, 24, 175),
(57, 26, 8, 13),
(58, 25, 8, 42),
(59, 102, 8, 145),
(60, 98, 8, 49),
(61, 92, 8, 29),
(62, 81, 8, 195),
(63, 35, 8, 260),
(64, 1, 8, 276),
(65, 160, 8, 680),
(66, 100, 8, 245),
(67, 104, 8, 205),
(68, 2, 10, 290),
(69, 160, 10, 680),
(70, 81, 10, 195),
(71, 15, 10, 4.5),
(72, 165, 10, 24),
(73, 163, 10, 45),
(74, 8, 9, 225),
(75, 3, 9, 380),
(76, 85, 9, 69),
(77, 93, 9, 33),
(78, 91, 9, 52),
(79, 98, 1, 49),
(80, 101, 1, 66),
(81, 105, 1, 57),
(82, 111, 1, 675),
(83, 112, 1, 478),
(84, 113, 1, 238),
(85, 98, 25, 49),
(86, 101, 25, 66),
(87, 105, 25, 57),
(88, 111, 25, 675),
(89, 112, 25, 475),
(90, 113, 25, 238),
(91, 81, 1, 190),
(92, 83, 1, 22),
(93, 84, 1, 172),
(94, 90, 1, 89),
(95, 25, 1, 42),
(96, 35, 1, 260),
(97, 91, 1, 53),
(98, 92, 1, 29),
(99, 119, 1, 73),
(100, 123, 1, 97),
(101, 83, 25, 22),
(102, 84, 25, 172),
(103, 25, 25, 42),
(104, 35, 25, 260),
(105, 26, 25, 13),
(106, 28, 25, 42),
(107, 81, 25, 190),
(108, 91, 25, 53),
(109, 92, 25, 29),
(110, 119, 25, 73),
(111, 123, 25, 97),
(112, 1, 1, 290),
(113, 15, 1, 4.5),
(114, 16, 1, 4.5),
(115, 20, 1, 14),
(116, 29, 1, 130),
(117, 36, 1, 510),
(118, 40, 1, 35),
(119, 42, 1, 35),
(120, 45, 1, 40),
(121, 47, 1, 65),
(122, 46, 1, 12),
(123, 49, 1, 45),
(124, 143, 1, 65),
(125, 144, 1, 90),
(126, 54, 1, 130),
(127, 57, 1, 20),
(128, 56, 1, 105),
(129, 66, 1, 34),
(130, 68, 1, 195),
(131, 75, 1, 70),
(132, 9, 1, 680),
(133, 1, 25, 290),
(134, 15, 25, 4.5),
(135, 20, 25, 14),
(136, 46, 25, 12),
(137, 53, 25, 35),
(138, 57, 25, 20),
(139, 58, 25, 125),
(140, 59, 25, 125),
(141, 60, 25, 125),
(142, 70, 25, 110),
(143, 77, 25, 14),
(144, 72, 25, 10),
(145, 65, 25, 12),
(146, 86, 25, 75),
(147, 12, 15, 45),
(148, 153, 15, 20),
(149, 26, 15, 13),
(150, 25, 26, 42),
(151, 28, 26, 42),
(152, 81, 26, 190),
(153, 92, 26, 29),
(154, 95, 26, 33),
(155, 26, 1, 14),
(156, 145, 1, 120),
(157, 2, 3, 295),
(158, 56, 3, 105),
(159, 57, 3, 20),
(160, 15, 3, 4.5),
(161, 16, 3, 4.5),
(162, 59, 3, 130),
(163, 60, 3, 130),
(164, 54, 3, 130),
(165, 81, 3, 190),
(166, 25, 3, 42),
(167, 26, 3, 14),
(168, 28, 3, 42),
(169, 101, 3, 66),
(170, 98, 3, 50),
(171, 105, 3, 57),
(172, 112, 3, 475),
(173, 119, 6, 73),
(174, 85, 6, 69),
(175, 133, 6, 230),
(176, 84, 6, 180),
(177, 97, 6, 32),
(178, 82, 6, 42),
(179, 123, 6, 97),
(180, 25, 6, 42),
(181, 26, 6, 14),
(182, 91, 6, 49.5),
(183, 99, 6, 50),
(184, 112, 6, 470),
(185, 105, 6, 57),
(186, 107, 6, 285),
(187, 15, 6, 4.5),
(188, 16, 6, 4.5),
(189, 65, 6, 12),
(190, 56, 6, 105),
(191, 57, 6, 20),
(192, 1, 5, 275),
(193, 2, 5, 280),
(194, 89, 5, 2),
(195, 15, 5, 4.5),
(196, 56, 5, 105),
(197, 81, 5, 190),
(198, 82, 5, 44),
(199, 26, 5, 14),
(200, 25, 5, 41),
(201, 93, 5, 34),
(202, 43, 5, 125),
(203, 91, 5, 52),
(204, 83, 5, 22),
(205, 85, 5, 69),
(206, 97, 5, 29),
(207, 123, 5, 96),
(208, 101, 5, 66),
(209, 105, 5, 57),
(210, 98, 5, 50),
(211, 112, 5, 480),
(212, 25, 4, 42),
(213, 93, 4, 32),
(214, 81, 4, 190),
(215, 91, 4, 53),
(216, 83, 4, 22),
(217, 98, 4, 50),
(218, 105, 4, 57),
(219, 101, 4, 145),
(220, 3, 4, 290),
(221, 60, 4, 125),
(222, 59, 4, 125),
(223, 112, 4, 470),
(224, 35, 5, 250),
(225, 109, 5, 35),
(226, 88, 5, 1.5),
(227, 1, 13, 275),
(228, 81, 13, 175),
(229, 25, 13, 42),
(230, 166, 13, 10),
(231, 121, 13, 48),
(232, 15, 13, 4.5),
(233, 66, 13, 34),
(234, 52, 13, 36),
(235, 92, 13, 29),
(236, 95, 13, 49),
(237, 10, 13, 102),
(238, 86, 13, 84),
(239, 167, 13, 75),
(240, 157, 13, 34),
(241, 153, 13, 20),
(242, 139, 13, 75),
(243, 168, 19, 47),
(244, 30, 19, 47),
(245, 3, 15, 280),
(246, 15, 15, 4.5),
(247, 77, 15, 14),
(248, 16, 15, 4.5),
(249, 17, 15, 4.5),
(250, 28, 15, 42),
(251, 98, 15, 49),
(252, 94, 15, 67),
(253, 92, 15, 29),
(254, 38, 15, 190),
(255, 134, 15, 230),
(256, 119, 15, 68),
(257, 123, 15, 97),
(258, 82, 15, 42),
(259, 107, 11, 280),
(260, 98, 11, 49),
(261, 101, 11, 67),
(262, 112, 11, 478),
(263, 113, 11, 243),
(264, 25, 11, 43),
(265, 26, 11, 14),
(266, 30, 11, 47),
(267, 28, 11, 42),
(268, 91, 11, 53),
(269, 93, 11, 34),
(270, 92, 11, 29),
(271, 97, 11, 29),
(272, 38, 11, 190),
(273, 35, 11, 255),
(274, 83, 11, 21),
(275, 96, 11, 27),
(276, 169, 11, 14),
(277, 69, 9, 380),
(278, 141, 9, 40),
(279, 31, 9, 38),
(280, 45, 9, 40),
(281, 155, 9, 85),
(282, 76, 9, 85),
(283, 128, 9, 42),
(284, 152, 9, 2),
(285, 89, 9, 3),
(286, 105, 9, 57),
(287, 170, 16, 20500),
(288, 171, 14, 53000),
(289, 83, 27, 20),
(290, 10, 24, 95),
(291, 139, 24, 60),
(292, 156, 24, 4.25),
(293, 87, 15, 90),
(294, 54, 15, 120),
(295, 70, 15, 85),
(296, 11, 15, 70),
(297, 52, 15, 35),
(298, 128, 24, 45),
(299, 172, 24, 6.25),
(300, 173, 24, 330),
(301, 103, 9, 122),
(302, 83, 16, 20),
(303, 15, 16, 4.5),
(304, 3, 16, 280),
(305, 28, 16, 42),
(306, 94, 16, 67),
(307, 98, 16, 49),
(308, 112, 16, 475),
(309, 113, 16, 240),
(310, 26, 16, 13.5),
(311, 25, 16, 42),
(312, 70, 16, 105),
(313, 57, 16, 19),
(314, 45, 16, 35),
(315, 123, 16, 96),
(316, 82, 16, 40),
(317, 92, 16, 29),
(318, 91, 16, 51),
(319, 30, 16, 48),
(320, 178, 16, 25),
(321, 54, 24, 130),
(322, 16, 24, 4.5),
(323, 77, 24, 14),
(324, 175, 24, 295),
(325, 25, 24, 43),
(326, 176, 24, 180),
(327, 177, 24, 350),
(328, 174, 24, 165),
(329, 179, 13, 14),
(330, 84, 9, 168),
(331, 32, 9, 45),
(332, 52, 8, 33),
(333, 159, 10, 98),
(334, 92, 10, 29),
(335, 31, 10, 30),
(336, 56, 10, 98),
(337, 35, 10, 260),
(338, 8, 3, 230),
(339, 91, 3, 52),
(340, 178, 3, 28),
(341, 77, 3, 13),
(342, 36, 3, 500),
(343, 82, 3, 40),
(344, 92, 3, 30),
(345, 84, 3, 150),
(346, 73, 3, 10),
(347, 72, 3, 10),
(348, 49, 25, 30),
(349, 69, 25, 350),
(350, 93, 25, 33),
(351, 124, 25, 0),
(352, 5, 1, 490),
(353, 68, 25, 200),
(354, 85, 25, 69),
(355, 10, 1, 98),
(356, 27, 1, 90),
(357, 31, 1, 30),
(358, 73, 1, 10),
(359, 72, 1, 8),
(360, 77, 1, 14),
(361, 97, 1, 29),
(362, 28, 1, 0),
(363, 129, 1, 70),
(364, 85, 1, 69),
(365, 1, 15, 280),
(366, 25, 15, 40),
(367, 101, 15, 65),
(368, 91, 15, 50),
(369, 81, 15, 195),
(370, 129, 16, 70),
(371, 52, 16, 35),
(372, 127, 16, 25),
(373, 10, 16, 90),
(374, 12, 16, 40),
(375, 157, 16, 30),
(376, 183, 16, 200),
(377, 178, 9, 32),
(378, 182, 9, 80),
(379, 127, 9, 25),
(380, 180, 9, 115),
(381, 129, 9, 80),
(382, 75, 9, 60),
(383, 73, 9, 10),
(384, 72, 9, 10),
(385, 49, 9, 30),
(386, 143, 9, 60),
(387, 50, 9, 40),
(388, 46, 9, 10),
(389, 52, 9, 38),
(390, 112, 15, 450),
(391, 57, 5, 20),
(392, 36, 5, 510),
(393, 65, 5, 10),
(394, 184, 5, 2),
(395, 26, 12, 13),
(396, 25, 12, 40),
(397, 28, 12, 35),
(398, 92, 12, 29),
(399, 91, 12, 50),
(400, 134, 12, 233),
(401, 35, 12, 235),
(402, 123, 12, 95),
(403, 118, 12, 182),
(404, 159, 12, 98),
(405, 35, 4, 235),
(406, 84, 4, 160),
(407, 26, 4, 14),
(408, 119, 4, 75),
(409, 177, 4, 290),
(410, 87, 4, 94),
(411, 15, 4, 4.5),
(412, 16, 4, 4.5),
(413, 129, 4, 70),
(414, 54, 4, 145),
(415, 132, 4, 15),
(416, 58, 4, 125),
(417, 22, 4, 14),
(418, 20, 4, 14),
(419, 53, 4, 35),
(420, 113, 6, 240),
(421, 105, 28, 57),
(422, 101, 28, 68),
(423, 98, 28, 48),
(424, 28, 28, 42),
(425, 30, 28, 42),
(426, 26, 28, 14),
(427, 123, 28, 98),
(428, 92, 28, 30),
(429, 84, 28, 165),
(430, 91, 28, 54),
(431, 2, 28, 280),
(432, 57, 28, 20),
(433, 127, 28, 25),
(434, 65, 28, 10),
(435, 150, 28, 45),
(436, 78, 28, 35),
(437, 82, 28, 40),
(438, 69, 17, 350),
(439, 178, 17, 26),
(440, 54, 17, 140),
(441, 45, 17, 38),
(442, 15, 17, 4.5),
(443, 77, 17, 14),
(444, 87, 17, 105),
(445, 57, 17, 20),
(446, 28, 5, 42),
(447, 15, 29, 4.4),
(448, 16, 29, 4.4),
(449, 57, 29, 20),
(450, 56, 29, 105),
(451, 9, 29, 690),
(452, 2, 29, 276),
(453, 10, 29, 98),
(454, 54, 29, 145),
(455, 26, 29, 14),
(456, 28, 29, 42),
(457, 25, 29, 41),
(458, 93, 29, 29),
(459, 92, 29, 29),
(460, 119, 29, 73),
(461, 123, 29, 98),
(462, 82, 29, 38),
(463, 81, 29, 185),
(464, 83, 29, 22),
(465, 91, 29, 51),
(466, 84, 29, 162),
(467, 35, 29, 256),
(468, 85, 29, 67),
(469, 116, 29, 65),
(470, 105, 29, 57),
(471, 112, 29, 160),
(472, 101, 29, 145),
(473, 36, 29, 500),
(474, 98, 29, 48),
(475, 104, 29, 150),
(476, 102, 4, 145),
(477, 185, 4, 300),
(478, 186, 4, 145),
(479, 66, 4, 29),
(480, 67, 4, 29),
(481, 65, 4, 10),
(482, 10, 4, 94),
(483, 87, 9, 105),
(484, 159, 9, 99),
(485, 179, 24, 8),
(486, 27, 24, 80),
(487, 187, 24, 6.25),
(488, 89, 24, 2),
(489, 15, 24, 4.5),
(490, 188, 24, 295),
(491, 189, 24, 65),
(492, 35, 24, 260),
(493, 86, 24, 95),
(494, 190, 24, 75),
(495, 191, 24, 20),
(496, 157, 9, 34),
(497, 56, 9, 105),
(498, 101, 16, 69),
(499, 81, 16, 195),
(500, 181, 9, 120),
(501, 10, 9, 96),
(502, 193, 9, 96),
(503, 183, 24, 60),
(504, 194, 24, 70),
(505, 57, 9, 20),
(506, 35, 13, 250),
(507, 214, 13, 25),
(508, 215, 13, 28),
(509, 69, 13, 410),
(510, 27, 13, 90),
(511, 83, 13, 20),
(512, 89, 13, 2),
(513, 140, 13, 65),
(514, 123, 13, 90),
(515, 116, 13, 65),
(516, 17, 13, 4.5),
(517, 77, 13, 14),
(518, 148, 13, 12),
(519, 73, 13, 10),
(520, 193, 13, 84),
(521, 57, 13, 20),
(522, 127, 13, 35),
(523, 128, 13, 45),
(524, 195, 13, 400),
(525, 213, 13, 300),
(526, 182, 13, 75),
(527, 216, 13, 45),
(528, 31, 13, 75),
(529, 76, 13, 150),
(530, 217, 13, 410),
(531, 101, 26, 67),
(532, 98, 26, 48),
(533, 35, 26, 260),
(534, 52, 5, 35),
(535, 20, 5, 15),
(536, 58, 5, 75),
(537, 31, 5, 30),
(538, 118, 5, 195),
(539, 83, 3, 20),
(540, 82, 9, 40),
(541, 20, 9, 14),
(542, 22, 9, 14),
(543, 6, 9, 780),
(544, 57, 10, 20),
(545, 25, 28, 42),
(546, 81, 28, 190),
(547, 159, 28, 98),
(548, 85, 28, 68),
(549, 10, 28, 90),
(550, 15, 28, 4.5),
(551, 140, 28, 75),
(552, 183, 28, 120),
(553, 128, 28, 35),
(554, 34, 28, 80),
(555, 102, 29, 145),
(556, 2, 4, 285),
(557, 36, 4, 500),
(558, 82, 4, 40),
(559, 123, 4, 98),
(560, 49, 4, 30),
(561, 10, 25, 96),
(562, 29, 25, 125),
(563, 218, 28, 60),
(564, 82, 25, 40),
(565, 97, 25, 30),
(566, 103, 25, 165),
(567, 5, 9, 500),
(568, 8, 1, 245),
(569, 48, 1, 30),
(570, 52, 1, 40),
(571, 53, 1, 0),
(572, 65, 1, 10),
(573, 67, 1, 35),
(574, 87, 1, 95),
(575, 76, 25, 105),
(576, 83, 6, 22),
(577, 101, 6, 67),
(578, 50, 4, 35),
(579, 118, 4, 180),
(580, 57, 24, 20),
(581, 81, 11, 195),
(582, 15, 31, 4.5),
(583, 38, 31, 195),
(584, 82, 31, 42),
(585, 28, 31, 42),
(586, 26, 31, 14),
(587, 93, 31, 34),
(588, 91, 31, 53),
(589, 123, 31, 95),
(590, 94, 31, 67),
(591, 98, 31, 48),
(592, 220, 31, 109),
(593, 221, 31, 9),
(594, 17, 24, 4.5),
(595, 65, 24, 13);

-- --------------------------------------------------------

--
-- Table structure for table `product_purchase`
--

CREATE TABLE IF NOT EXISTS `product_purchase` (
  `purchase_id` int(11) NOT NULL AUTO_INCREMENT,
  `chalan_no` varchar(100) NOT NULL,
  `supplier_id` int(11) NOT NULL,
  `purchase_date` datetime NOT NULL,
  `discount` float NOT NULL DEFAULT '0',
  `adjustment` float NOT NULL,
  `job_description` longtext NOT NULL,
  `ship_to` longtext NOT NULL,
  `terms_and_condi` longtext NOT NULL,
  `authorised_by_id` int(11) NOT NULL,
  `requested_by_id` int(11) NOT NULL,
  `created_by_id` varchar(100) NOT NULL,
  `edited_by_id` varchar(100) NOT NULL,
  `edited_on` datetime NOT NULL,
  `status` int(2) NOT NULL DEFAULT '1',
  PRIMARY KEY (`purchase_id`)
) ENGINE=MyISAM  DEFAULT CHARSET=latin1 AUTO_INCREMENT=109 ;

--
-- Dumping data for table `product_purchase`
--

INSERT INTO `product_purchase` (`purchase_id`, `chalan_no`, `supplier_id`, `purchase_date`, `discount`, `adjustment`, `job_description`, `ship_to`, `terms_and_condi`, `authorised_by_id`, `requested_by_id`, `created_by_id`, `edited_by_id`, `edited_on`, `status`) VALUES
(1, 'AKM-BAS-2014090001', 11, '2014-09-13 00:00:00', 0, 0, 'Md. Ziaur Rahman\nToufique Trading Corporation\nMerul Badda, Dhaka - 1212 ', 'Akmatro.com\nHouse # 72, Road # 02, Block # A, Niketon Dhaka 1212', 'Office Accessorise', 4, 3, 'rokshana@akmatro.com', 'rokshana@akmatro.com', '2014-09-13 00:00:00', 1),
(2, 'AKM-MMI-2014090001', 10, '2014-09-13 00:00:00', 0, 0, 'M M Ispahani Sales Office\nbadda Link Road, Badda- 1212', 'Akmatro.com\nMd.Monir Ahmed\nHouse # 72, Road # 02, Block # A, Niketon Dhaka 1212', 'Office Accessories', 4, 3, 'rokshana@akmatro.com', '', '0000-00-00 00:00:00', 1),
(3, 'AKM-ACI-2014090001', 12, '2014-09-13 00:00:00', 0, 0, 'ACI Limited\nMd. Sohel \nGulshan DCC Market, Gulshan - 1, Dhaka 1212', 'Akmatro.com\nMd.Monir Ahmed\nHouse # 72, Road # 02, Block # A, Niketon Dhaka 1212\n', 'Office Accessorise', 4, 3, 'rokshana@akmatro.com', '', '0000-00-00 00:00:00', 1),
(4, 'AKM-UNI-2014090001', 13, '2014-09-13 00:00:00', 0, 0, 'Unilever Bangladesh\nMd.Rashed \nGulshan DCC Market, Gulshan-1, Dhaka - 1212', 'Akmatro.com\nMd.Monir Ahmed\nHouse # 72, Road # 02, Block # A, Niketon Dhaka 1212\n', 'Office Accessorise', 4, 3, 'rokshana@akmatro.com', '', '0000-00-00 00:00:00', 1),
(5, 'AKM-DAN-2014090001', 14, '2014-09-13 00:00:00', 0, 0, 'Nahar General store\nGulshan DCC Market, Gulshan - 1', 'Akmatro.com\nMd.Monir Ahmed\nHouse # 72, Road # 02, Block # A, Niketon Dhaka 1212\n', 'Office Accessories', 4, 3, 'rokshana@akmatro.com', '', '0000-00-00 00:00:00', 1),
(6, 'AKM-SUG-2014090001', 15, '2014-09-13 00:00:00', 0, 0, 'Sugar Fresh\nNotun Bazar, Dhaka', 'Akmatro.com\nMd.Monir Ahmed\nHouse # 72, Road # 02, Block # A, Niketon Dhaka 1212', 'Office Accessories', 4, 3, 'rokshana@akmatro.com', '', '0000-00-00 00:00:00', 1),
(7, 'AKM-REC-2014090001', 9, '2014-09-13 00:00:00', 0, 0, 'Reckitt Benckiser Bangladesh Ltd. Plot 2 (B) Block SE (C), Road 138. Gulshan-1, Dhaka-1212. ', 'Akmatro.com\nMd.Monir Ahmed\nHouse # 72, Road # 02, Block # A, Niketon Dhaka 1212\n', 'Office Accessories', 4, 3, 'rokshana@akmatro.com', 'rokshana@akmatro.com', '2014-09-13 00:00:00', 1),
(8, 'AKM-ARE-2014090001', 16, '2014-09-13 00:00:00', 0, 0, 'A R Enterprise \nMd Razzak\nKawran Bazar Dhaka', 'Akmatro.com\nMd.Monir Ahmed\nHouse # 72, Road # 02, Block # A, Niketon Dhaka 1212\n', 'Office Accessories', 4, 3, 'rokshana@akmatro.com', 'rokshana@akmatro.com', '2014-09-13 00:00:00', 1),
(10, 'AKM-SUL-2014090001', 1, '2014-09-13 00:00:00', 0, 0, 'Sultan stationary\nMd.Allauddin\nBabu Bazar Dhaka', 'kmatro.com\nMd.Monir Ahmed\nHouse # 72, Road # 02, Block # A, Niketon Dhaka 1212\n\n', 'Office Accessories\n', 4, 3, 'rokshana@akmatro.com', '', '0000-00-00 00:00:00', 1),
(12, 'AKM-SUL-2014090002', 1, '2014-09-13 00:00:00', 0, 0, 'Sultan stationary\nMd.Allauddin\nBabubazar,Dhaka', 'Akmatro.com\nMd.Monir Ahmed\nHouse # 72, Road # 02, Block # A, Niketon Dhaka 1212', 'Office Accessories', 4, 3, 'rokshana@akmatro.com', 'rokshana@akmatro.com', '2014-09-13 00:00:00', 1),
(13, 'AKM-ARE-2014090002', 16, '2014-09-14 00:00:00', 0, 0, 'A R Enterprise,Kawranbazar, Dhaka ', 'Akmatro.com', 'Office Accessories. ', 3, 3, 'shovon@akmatro.com', '', '0000-00-00 00:00:00', 1),
(14, 'AKM-SUL-2014090003', 1, '2014-09-14 00:00:00', 0, 0, 'Sultan Stationary', 'Akmatro.com', 'Fay Air-freshener ', 3, 3, 'shovon@akmatro.com', '', '0000-00-00 00:00:00', 1),
(15, 'AKM-ARE-2014090003', 16, '2014-09-14 00:00:00', 0, 0, 'Karwan Bazar Dhaka-1215', 'Akmatro.com\nDhaka Trade Center, 99 Kazi nazrul Islam Avenue,\nKarwan Bazar Dhaka-1215', ' If you have any queries or clarifications needed about the commercials please feel free to contact us.\n\nAccount Name : Akmatro.com\nAccount Number: A/C-1540202770225001', 3, 3, 'rokshana@akmatro.com', '', '0000-00-00 00:00:00', 1),
(17, 'AKM-LOC-2014090001', 17, '2014-09-15 00:00:00', 0, 0, 'Ginger', 'Akmatro.com', '**', 3, 3, 'shovon@akmatro.com', '', '0000-00-00 00:00:00', 1),
(19, 'AKM-SUL-2014090004', 1, '2014-09-16 00:00:00', 0, 0, 'N/L', 'Akmatro', 'N/L', 3, 3, 'shovon@akmatro.com', 'shovon@akmatro.com', '2014-09-16 00:00:00', 1),
(20, 'AKM-LOC-2014090002', 17, '2014-09-21 00:00:00', 0, 0, 'N/L', 'Akmatro.com', 'N/L', 3, 3, 'shovon@akmatro.com', 'shovon@akmatro.com', '2014-09-21 00:00:00', 1),
(21, 'AKM-LOC-2014090003', 17, '2014-09-23 00:00:00', 0, 0, 'Savlon hand wash', 'akmatro.com', 'N/L', 3, 3, 'shovon@akmatro.com', '', '0000-00-00 00:00:00', 1),
(22, 'AKM-SUL-2014090005', 1, '2014-09-24 00:00:00', 0, 0, 'N/L', 'Akmatro.com', 'N/L', 3, 3, 'shovon@akmatro.com', 'shovon@akmatro.com', '2014-09-24 00:00:00', 1),
(23, 'AKM-BAS-2014090002', 11, '2014-09-24 00:00:00', 0, 0, 'Tissue', 'Akmatro.com', 'N/L', 4, 4, 'rokshana@akmatro.com', 'shovon@akmatro.com', '2014-09-24 00:00:00', 1),
(24, 'AKM-REC-2014090002', 9, '2014-09-24 00:00:00', 0, 0, 'Office Accessories ', 'Akmatro.com', 'N/L', 4, 4, 'rokshana@akmatro.com', '', '0000-00-00 00:00:00', 1),
(26, 'AKM-ARE-2014090004', 16, '2014-09-25 00:00:00', 0, 0, 'N/L', 'Akmatro.com', 'N/L', 3, 3, 'shovon@akmatro.com', 'shovon@akmatro.com', '2014-09-25 00:00:00', 1),
(27, 'AKM-LOC-2014090004', 17, '2014-09-25 00:00:00', 0, 0, 'N/L', 'Akmatro.com', 'N/L', 3, 3, 'shovon@akmatro.com', '', '0000-00-00 00:00:00', 1),
(28, 'AKM-LOC-2014090005', 17, '2014-09-25 00:00:00', 0, 0, 'Grosser  ', 'Akmatro@com', 'N/N', 4, 4, 'rokshana@akmatro.com', '', '0000-00-00 00:00:00', 1),
(29, 'AKM-LOC-2014090006', 17, '2014-09-26 00:00:00', 0, 0, 'N/L', 'Akmatro.com', 'N/L', 3, 3, 'shovon@akmatro.com', 'rokshana@akmatro.com', '2014-09-28 00:00:00', 1),
(30, 'AKM-LOC-2014090007', 17, '2014-09-27 00:00:00', 0, 0, 'Purchase', 'Akmatro.com', 'N/L', 3, 3, 'shovon@akmatro.com', '', '0000-00-00 00:00:00', 1),
(31, 'AKM-LOC-2014090008', 17, '2014-09-29 00:00:00', 0, 0, 'Office Accessories ', 'Akmatro.com', 'N/L', 3, 3, 'shovon@akmatro.com', 'shovon@akmatro.com', '2014-09-29 00:00:00', 1),
(32, 'AKM-SUL-2014100006', 1, '2014-10-01 00:00:00', 0, 0, 'Purchase ', 'Akmatro.com', 'N/L', 3, 3, 'shovon@akmatro.com', 'shovon@akmatro.com', '2014-10-01 00:00:00', 1),
(33, 'AKM-SUL-2014100007', 1, '2014-10-12 00:00:00', 0, 0, 'packaging colour Scotch tape', 'Akmatro.com', 'N/L', 3, 3, 'shovon@akmatro.com', '', '0000-00-00 00:00:00', 1),
(34, 'AKM-SUL-2014100008', 1, '2014-10-12 00:00:00', 0, 0, 'N/L', 'Akmatro.com', 'N/L', 3, 3, 'shovon@akmatro.com', '', '0000-00-00 00:00:00', 1),
(35, 'AKM-LOC-2014100009', 17, '2014-10-14 00:00:00', 0, 0, 'N/L', 'Akamtro.com', 'N/L', 3, 3, 'shovon@akmatro.com', '', '0000-00-00 00:00:00', 1),
(40, 'AKM-LOC-2014100010', 17, '2014-10-21 00:00:00', 0, 0, 'Accessories', 'Akmatro.com', 'N/n', 4, 6, 'rokshana@akmatro.com', 'rokshana@akmatro.com', '2014-10-21 00:00:00', 1),
(39, 'AKM-SUL-2014100010', 1, '2014-10-20 00:00:00', 0, 0, 'N/L', 'Akmatro.com', 'N/L', 4, 4, 'rokshana@akmatro.com', '', '0000-00-00 00:00:00', 1),
(41, 'AKM-SUL-2014100011', 1, '2014-10-21 00:00:00', 0, 0, 'Stationary ', 'Akmatro.com', 'N/n', 4, 4, 'rokshana@akmatro.com', 'rokshana@akmatro.com', '2014-10-21 00:00:00', 1),
(42, 'AKM-ARE-2014100005', 16, '2014-10-21 00:00:00', 0, 0, 'Grosser item ', 'Akmatro.com', 'n/n', 4, 4, 'rokshana@akmatro.com', '', '0000-00-00 00:00:00', 1),
(43, 'AKM-SUL-2014100012', 1, '2014-10-18 00:00:00', 0, 0, 'N/L', 'Akmatro.com', 'N/L', 4, 4, 'rokshana@akmatro.com', '', '0000-00-00 00:00:00', 1),
(44, 'AKM-LOC-2014100011', 17, '2014-10-23 00:00:00', 0, 0, 'Accessories', 'Akmatro.com', 'n/n', 4, 7, 'rokshana@akmatro.com', '', '0000-00-00 00:00:00', 1),
(45, 'AKM-LOC-2014100012', 17, '2014-10-26 00:00:00', 0, 0, 'Grosser item  ', 'Akmatro.com', 'n/n', 4, 7, 'rokshana@akmatro.com', '', '0000-00-00 00:00:00', 1),
(46, 'AKM-SUL-2014100013', 1, '2014-10-25 00:00:00', 0, 0, 'Accessories', 'Akmatro.com', 'n/n', 4, 7, 'rokshana@akmatro.com', '', '0000-00-00 00:00:00', 1),
(47, 'AKM-LOC-2014100013', 17, '2014-10-28 00:00:00', 0, 0, 'Ginger', 'akmatro.com', 'N/A', 5, 7, 'alamin@akmatro.com', 'alamin@akmatro.com', '2014-10-30 00:00:00', 1),
(48, 'AKM-SUG-2014100002', 15, '2014-10-28 00:00:00', 0, 0, 'Suger ', 'akmatro.com', 'N/A', 5, 7, 'alamin@akmatro.com', '', '0000-00-00 00:00:00', 1),
(49, 'AKM-LOC-2014100014', 17, '2014-10-28 00:00:00', 0, 0, 'hand Wash', 'akmatro.com', 'N/A', 5, 7, 'alamin@akmatro.com', 'alamin@akmatro.com', '2014-10-30 00:00:00', 1),
(50, 'AKM-BAS-2014100003', 11, '2014-10-28 00:00:00', 0, 0, 'Tissu ', 'akmatro.com', 'N/A', 5, 7, 'alamin@akmatro.com', '', '0000-00-00 00:00:00', 1),
(51, 'AKM-LOC-2014100015', 17, '2014-10-28 00:00:00', 0, 0, 'salt', 'akmatro.com', 'N/A', 5, 7, 'alamin@akmatro.com', '', '0000-00-00 00:00:00', 1),
(52, 'AKM-LOC-2014100016', 17, '2014-10-28 00:00:00', 0, 0, 'scal', 'akmatro.com', 'N/A', 5, 7, 'alamin@akmatro.com', 'alamin@akmatro.com', '2014-10-30 00:00:00', 1),
(53, 'AKM-LOC-2014100017', 17, '2014-10-30 00:00:00', 0, 0, 'Calculator', 'akmatro.com', 'N/A', 5, 7, 'alamin@akmatro.com', '', '0000-00-00 00:00:00', 1),
(54, 'AKM-SUL-2014100014', 1, '2014-10-30 00:00:00', 0, 0, 'paper', 'akmatro.com', 'N/A', 5, 7, 'alamin@akmatro.com', 'alamin@akmatro.com', '2014-11-02 00:00:00', 1),
(55, 'AKM-BAS-2014100004', 11, '2014-10-30 00:00:00', 0, 0, 'Toilet Tissu', 'akmatro.com', 'N/A', 5, 7, 'alamin@akmatro.com', 'alamin@akmatro.com', '2014-12-15 00:00:00', 1),
(56, 'AKM-LOC-2014100018', 17, '2014-10-30 00:00:00', 0, 0, 'Suger', 'akmatro.com', 'N/A', 5, 7, 'alamin@akmatro.com', '', '0000-00-00 00:00:00', 1),
(57, 'AKM-LOC-2014100019', 17, '2014-10-30 00:00:00', 0, 0, 'Condense Milk ', 'akmatro.com', 'N/A', 5, 7, 'alamin@akmatro.com', '', '0000-00-00 00:00:00', 1),
(58, 'AKM-SMA-2014110001', 18, '2014-11-02 00:00:00', 0, 0, 'Transend Potable 1TB waterproof 25m3', 'akmatro.com', 'Please Return this products if this products have any problem', 7, 7, 'alamin@akmatro.com', '', '0000-00-00 00:00:00', 1),
(59, 'AKM-BAS-2014110005', 11, '2014-11-02 00:00:00', 0, 0, 'Toilet Tissu', 'akmatro.com', 'N/A', 7, 5, 'alamin@akmatro.com', 'alamin@akmatro.com', '2014-12-15 00:00:00', 1),
(60, 'AKM-SUG-2014110003', 15, '2014-11-02 00:00:00', 0, 0, 'suger', 'akmatro.com', 'N/A', 7, 5, 'alamin@akmatro.com', '', '0000-00-00 00:00:00', 1),
(61, 'AKM-LOC-2014110020', 17, '2014-11-02 00:00:00', 0, 0, 'KK', 'akmatro.com', 'N/A\n', 7, 5, 'alamin@akmatro.com', '', '0000-00-00 00:00:00', 1),
(62, 'AKM-LOC-2014110021', 17, '2014-11-02 00:00:00', 0, 0, 'Brown Suger', 'akmatro.com', 'N/A\n', 7, 5, 'alamin@akmatro.com', '', '0000-00-00 00:00:00', 1),
(63, 'AKM-ACI-2014110002', 12, '2014-11-02 00:00:00', 0, 0, 'Aerosoul ', 'akmatro.com', 'N/A', 7, 7, 'alamin@akmatro.com', '', '0000-00-00 00:00:00', 1),
(64, 'AKM-ACI-2014110003', 12, '2014-11-02 00:00:00', 0, 0, 'aerosul ', 'akmatro.com', 'N./A', 7, 7, 'alamin@akmatro.com', '', '0000-00-00 00:00:00', 1),
(65, 'AKM-SUL-2014110015', 1, '2014-11-02 00:00:00', 0, 0, 'Stationary ', 'akmatro.com', 'N/A', 7, 5, 'alamin@akmatro.com', 'alamin@akmatro.com', '2014-11-03 00:00:00', 1),
(66, 'AKM-LOC-2014110022', 17, '2014-11-02 00:00:00', 0, 0, 'stationary', 'akmatro.com', 'N/A', 7, 7, 'alamin@akmatro.com', '', '0000-00-00 00:00:00', 1),
(67, 'AKM-LOC-2014110023', 17, '2014-11-02 00:00:00', 0, 0, 'Stationary', 'akmatro.com', 'N/A', 7, 7, 'alamin@akmatro.com', '', '0000-00-00 00:00:00', 1),
(68, 'AKM-LOC-2014110024', 17, '2014-11-02 00:00:00', 0, 0, 'Stationary ', 'akmatro.com', 'N/A', 7, 7, 'alamin@akmatro.com', '', '0000-00-00 00:00:00', 1),
(69, 'AKM-LOC-2014110025', 17, '2014-11-02 00:00:00', 0, 0, 'Kham', 'akmatro.com', 'N/A', 7, 7, 'alamin@akmatro.com', '', '0000-00-00 00:00:00', 1),
(73, 'AKM-SUL-2014110016', 1, '2014-11-03 00:00:00', 0, 0, 'stationary', 'akmatro.com', 'N/A', 7, 7, 'alamin@akmatro.com', '', '0000-00-00 00:00:00', 1),
(71, 'AKM-LOC-2014110027', 17, '2014-11-03 00:00:00', 0, 0, 'Mob ', 'akmatro.com', 'N/A', 7, 7, 'alamin@akmatro.com', 'alamin@akmatro.com', '2014-11-06 00:00:00', 1),
(72, 'AKM-LOC-2014110028', 17, '2014-11-03 00:00:00', 0, 0, 'akmatro.com', 'akmatro.com', 'N/A', 7, 7, 'alamin@akmatro.com', '', '0000-00-00 00:00:00', 1),
(74, 'AKM-LOC-2014110029', 17, '2014-11-03 00:00:00', 0, 0, 'Duster', 'akmatro.com', 'N/A', 7, 7, 'alamin@akmatro.com', '', '0000-00-00 00:00:00', 1),
(75, 'AKM-LOC-2014110030', 17, '2014-11-03 00:00:00', 0, 0, 'local', 'akmatro.com', 'N/A', 7, 7, 'alamin@akmatro.com', '', '0000-00-00 00:00:00', 1),
(76, 'AKM-LOC-2014110031', 17, '2014-11-03 00:00:00', 0, 0, 'ginger', 'akmatro.com', 'N/A', 7, 7, 'alamin@akmatro.com', '', '0000-00-00 00:00:00', 1),
(77, 'AKM-LOC-2014110032', 17, '2014-11-06 00:00:00', 0, 0, 'stationary ', 'akmatro.com', 'N/A', 7, 7, 'alamin@akmatro.com', '', '0000-00-00 00:00:00', 1),
(78, 'AKM-LOC-2014110033', 17, '2014-11-06 00:00:00', 0, 0, 'stationary ', 'akmatro.com', 'N/A', 7, 7, 'alamin@akmatro.com', '', '0000-00-00 00:00:00', 1),
(79, 'AKM-LOC-2014110034', 17, '2014-11-09 00:00:00', 0, 0, 'Milk', 'akmatro.com', 'N/A', 7, 7, 'alamin@akmatro.com', 'alamin@akmatro.com', '2014-11-13 00:00:00', 1),
(80, 'AKM-LOC-2014110035', 17, '2014-11-09 00:00:00', 0, 0, 'suger', 'akmatro.com', 'N/A', 7, 7, 'alamin@akmatro.com', 'alamin@akmatro.com', '2014-11-10 00:00:00', 1),
(81, 'AKM-LOC-2014110036', 17, '2014-11-09 00:00:00', 0, 0, 'tea', 'akmatro.com', 'N/A', 7, 7, 'alamin@akmatro.com', 'alamin@akmatro.com', '2014-11-10 00:00:00', 1),
(82, 'AKM-BAS-2014110006', 11, '2014-11-09 00:00:00', 0, 0, 'facial Tissu', 'akmatro.com', 'N/A', 7, 7, 'alamin@akmatro.com', 'alamin@akmatro.com', '2014-11-10 00:00:00', 1),
(83, 'AKM-SUL-2014110017', 1, '2014-11-10 00:00:00', 0, 0, 'Stationary ', 'akmatro.com', 'N/A', 7, 7, 'alamin@akmatro.com', 'alamin@akmatro.com', '2014-11-29 00:00:00', 1),
(84, 'AKM-LOC-2014110037', 17, '2014-11-10 00:00:00', 0, 0, 'Tea', 'akmatro.com', 'N/A', 7, 7, 'alamin@akmatro.com', 'alamin@akmatro.com', '2014-11-10 00:00:00', 1),
(85, 'AKM-BAS-2014110007', 11, '2014-11-10 00:00:00', 0, 0, 'Nepkin Tissu', 'akmatro.com', 'N/A', 7, 7, 'alamin@akmatro.com', '', '0000-00-00 00:00:00', 1),
(86, 'AKM-LOC-2014110038', 17, '2014-11-10 00:00:00', 0, 0, 'cleaning Iteam', 'akmatro.com', 'N/A', 7, 7, 'alamin@akmatro.com', 'alamin@akmatro.com', '2014-11-10 00:00:00', 1),
(87, 'AKM-LOC-2014110039', 17, '2014-11-10 00:00:00', 0, 0, 'Stationary ', 'akmatro.com', 'N/A', 7, 7, 'alamin@akmatro.com', 'alamin@akmatro.com', '2014-11-10 00:00:00', 1),
(89, 'AKM-SUL-2014110018', 1, '2014-11-21 00:00:00', 0, 0, 'Office Stationary ', 'akmatro.com', 'N/A', 7, 7, 'alamin@akmatro.com', '', '0000-00-00 00:00:00', 1),
(90, 'AKM-SUL-2014110019', 1, '2014-11-21 00:00:00', 0, 0, 'Office Stationary ', 'akmatro.com', 'N/A', 7, 7, 'alamin@akmatro.com', 'alamin@akmatro.com', '2014-11-21 00:00:00', 1),
(91, 'AKM-SUL-2014110020', 1, '2014-11-21 00:00:00', 0, 0, 'Office Stationary ', 'akmatro.com', 'N/A', 7, 7, 'alamin@akmatro.com', '', '0000-00-00 00:00:00', 1),
(92, 'AKM-SUL-2014110021', 1, '2014-11-22 00:00:00', 0, 0, 'office stationary ', 'akmatro.com', 'N/A', 7, 7, 'alamin@akmatro.com', 'alamin@akmatro.com', '2014-11-29 00:00:00', 1),
(93, 'AKM-LOC-2014110040', 17, '2014-11-22 00:00:00', 0, 0, 'stationary ', 'akmatro.com', 'N/A', 7, 7, 'alamin@akmatro.com', '', '0000-00-00 00:00:00', 1),
(94, 'AKM-LOC-2014110041', 17, '2014-11-22 00:00:00', 0, 0, 'food', 'akmatro.com', 'N/A', 7, 7, 'alamin@akmatro.com', '', '0000-00-00 00:00:00', 1),
(95, 'AKM-LOC-2014110042', 17, '2014-11-26 00:00:00', 0, 0, 'Food & Cleaning ', 'akmatro.com', 'N/A', 7, 7, 'alamin@akmatro.com', 'alamin@akmatro.com', '2014-11-26 00:00:00', 1),
(96, 'AKM-LOC-2014110043', 17, '2014-11-26 00:00:00', 0, 0, 'CD & DVD', 'akmatro.com', 'N/A', 7, 7, 'alamin@akmatro.com', '', '0000-00-00 00:00:00', 1),
(97, 'AKM-LOC-2014110044', 17, '2014-11-28 00:00:00', 0, 0, 'Clening ', 'akmatro.com', 'N/A', 7, 7, 'alamin@akmatro.com', 'alamin@akmatro.com', '2014-11-29 00:00:00', 1),
(98, 'AKM-LOC-2014110045', 17, '2014-11-29 00:00:00', 0, 0, 'food & Cleaning ', 'akmatro.com', 'N/A', 7, 7, 'alamin@akmatro.com', 'alamin@akmatro.com', '2014-11-29 00:00:00', 1),
(103, 'AKM-LOC-2014120049', 17, '2014-12-01 00:00:00', 0, 0, 'cleaning & food iteam ', 'akmatro.com', 'N/A', 7, 7, 'alamin@akmatro.com', 'alamin@akmatro.com', '2014-12-07 00:00:00', 1),
(100, 'AKM-LOC-2014120047', 17, '2014-12-04 00:00:00', 0, 0, 'office accessories ', 'akmatro.com', 'N/A', 7, 7, 'alamin@akmatro.com', 'alamin@akmatro.com', '2014-12-07 00:00:00', 1),
(101, 'AKM-LOC-2014120048', 17, '2014-12-05 00:00:00', 0, 0, 'Cleaning & Food   ', 'akmatro.com', 'N/A', 7, 7, 'alamin@akmatro.com', '', '0000-00-00 00:00:00', 1),
(102, 'AKM-SUL-2014120022', 1, '2014-12-05 00:00:00', 0, 0, 'Stationary ', 'akmatro.com', 'N/A', 7, 7, 'alamin@akmatro.com', 'alamin@akmatro.com', '2014-12-15 00:00:00', 1),
(104, 'AKM-LOC-2014120050', 17, '2014-12-08 00:00:00', 0, 0, 'Tissu Iteam', 'akmatro.com', 'N/A', 7, 7, 'alamin@akmatro.com', 'alamin@akmatro.com', '2014-12-10 00:00:00', 1),
(105, 'AKM-LOC-2014120051', 17, '2014-12-09 00:00:00', 0, 0, 'tissu', 'akmatro.com', 'N/A', 7, 7, 'alamin@akmatro.com', '', '0000-00-00 00:00:00', 1),
(106, 'AKM-LOC-2014120052', 17, '2014-12-14 00:00:00', 0, 0, 'Cleaning ', 'akmatro.com', 'N/A', 7, 7, 'alamin@akmatro.com', '', '0000-00-00 00:00:00', 1),
(107, 'AKM-LOC-2014120053', 17, '2014-12-18 00:00:00', 0, 0, 'food item ', 'akmatro.com', 'N/A', 7, 7, 'alamin@akmatro.com', 'alamin@akmatro.com', '2014-12-23 00:00:00', 1),
(108, 'AKM-LOC-2014120054', 17, '2014-12-20 00:00:00', 0, 0, 'food and stationary ', 'akmatro.com', 'Stoke problem \nand hard copy stay with nishat mam (kgs problem 04-12-2014 fle )', 7, 7, 'alamin@akmatro.com', '', '0000-00-00 00:00:00', 1);

-- --------------------------------------------------------

--
-- Table structure for table `product_purchase_details`
--

CREATE TABLE IF NOT EXISTS `product_purchase_details` (
  `purchase_detail_id` int(11) NOT NULL AUTO_INCREMENT,
  `purchase_id` int(11) NOT NULL,
  `product_id` int(11) NOT NULL,
  `quantity` int(11) NOT NULL,
  `rate` float NOT NULL,
  `total_amount` float NOT NULL,
  `status` int(11) NOT NULL,
  PRIMARY KEY (`purchase_detail_id`)
) ENGINE=MyISAM  DEFAULT CHARSET=latin1 AUTO_INCREMENT=552 ;

--
-- Dumping data for table `product_purchase_details`
--

INSERT INTO `product_purchase_details` (`purchase_detail_id`, `purchase_id`, `product_id`, `quantity`, `rate`, `total_amount`, `status`) VALUES
(1, 1, 2, 36, 258, 9288, 1),
(2, 1, 25, 23, 38, 874, 1),
(3, 1, 26, 265, 12.25, 3246.25, 1),
(4, 1, 28, 17, 38, 646, 1),
(5, 1, 33, 0, 33, 0, 1),
(6, 1, 30, 11, 41, 451, 1),
(7, 2, 101, 133, 61, 8113, 1),
(8, 2, 102, 28, 136, 3808, 1),
(9, 3, 35, 26, 230, 5980, 1),
(10, 3, 38, 50, 170, 8500, 1),
(11, 3, 39, 0, 320, 0, 1),
(12, 3, 41, 0, 350, 0, 1),
(13, 3, 43, 1, 113, 113, 1),
(14, 3, 44, 0, 210, 0, 1),
(15, 4, 91, 4, 48.33, 193.32, 1),
(16, 4, 92, 27, 27, 729, 1),
(17, 4, 93, 52, 31, 1612, 1),
(18, 4, 94, 35, 65, 2275, 1),
(19, 4, 95, 35, 48, 1680, 1),
(20, 4, 96, 0, 26, 0, 1),
(21, 4, 97, 5, 27, 135, 1),
(22, 5, 105, 54, 55.5, 2997, 1),
(23, 5, 106, 0, 55.5, 0, 1),
(24, 5, 107, 4, 285, 1140, 1),
(25, 5, 111, 3, 645, 1935, 1),
(26, 5, 110, 0, 325, 0, 1),
(27, 6, 100, 0, 232, 0, 1),
(28, 6, 98, 98, 46, 4508, 1),
(29, 7, 118, 10, 171, 1710, 1),
(30, 7, 119, 3, 67, 201, 1),
(31, 7, 120, 2, 40, 80, 1),
(32, 7, 122, 0, 67, 0, 1),
(33, 7, 123, 13, 90, 1170, 1),
(34, 7, 121, 6, 40, 240, 1),
(35, 8, 112, 0, 400, 0, 1),
(36, 8, 113, 12, 235, 2820, 1),
(37, 8, 103, 1, 118, 118, 1),
(38, 8, 104, 0, 165, 0, 1),
(39, 8, 99, 0, 48, 0, 1),
(40, 8, 114, 0, 50, 0, 1),
(41, 8, 115, 0, 110, 0, 1),
(42, 8, 116, 0, 50, 0, 1),
(43, 8, 117, 0, 30, 0, 1),
(44, 8, 109, 2, 28, 56, 1),
(46, 10, 1, 0, 260, 0, 1),
(47, 10, 3, 30, 356, 10680, 1),
(48, 10, 4, 0, 260, 0, 1),
(49, 10, 5, 7, 460, 3220, 1),
(50, 10, 7, 49, 170, 8330, 1),
(51, 10, 8, 12, 215, 2580, 1),
(52, 10, 9, 6, 580, 3480, 1),
(53, 10, 10, 20, 88, 1760, 1),
(54, 10, 11, 0, 65, 0, 1),
(55, 10, 12, 0, 36, 0, 1),
(56, 10, 14, 0, 230, 0, 1),
(57, 10, 15, 141, 3.6, 507.6, 1),
(58, 10, 16, 305, 3.6, 1098, 1),
(59, 10, 17, 47, 3.6, 169.2, 1),
(60, 10, 20, 18, 8.8, 158.4, 1),
(61, 10, 19, 39, 8.8, 343.2, 1),
(62, 10, 22, 12, 8.8, 105.6, 1),
(63, 10, 23, 21, 8.8, 184.8, 1),
(64, 10, 24, 11, 26, 286, 1),
(65, 10, 27, 14, 78, 1092, 1),
(66, 10, 29, 2, 105, 210, 1),
(67, 10, 31, 7, 28, 196, 1),
(68, 10, 34, 0, 65, 0, 1),
(69, 10, 36, 8, 445, 3560, 1),
(70, 10, 40, 3, 29, 87, 1),
(71, 10, 42, 6, 29, 174, 1),
(72, 10, 45, 8, 34, 272, 1),
(73, 10, 46, 6, 8.5, 51, 1),
(74, 10, 47, 4, 55, 220, 1),
(75, 10, 50, 8, 60, 480, 1),
(76, 10, 49, 13, 45, 585, 1),
(77, 10, 48, 5, 38, 190, 1),
(78, 10, 51, 0, 65, 0, 1),
(79, 10, 52, 12, 30, 360, 1),
(80, 10, 53, 3, 30, 90, 1),
(81, 10, 61, 8, 35, 280, 1),
(82, 10, 54, 2, 130, 260, 1),
(83, 10, 57, 30, 17, 510, 1),
(84, 10, 56, 26, 95, 2470, 1),
(85, 10, 58, 35, 65, 2275, 1),
(86, 10, 59, 17, 65, 1105, 1),
(87, 10, 60, 26, 65, 1690, 1),
(88, 10, 62, 2, 38, 76, 1),
(89, 10, 63, 0, 38, 0, 1),
(90, 10, 64, 0, 38, 0, 1),
(91, 10, 65, 20, 8.5, 170, 1),
(92, 10, 66, 7, 27.5, 192.5, 1),
(93, 10, 67, 30, 27.5, 825, 1),
(94, 10, 68, 3, 170, 510, 1),
(95, 10, 69, 7, 330, 2310, 1),
(96, 10, 70, 3, 88, 264, 1),
(97, 10, 71, 5, 70, 350, 1),
(98, 10, 73, 19, 7, 133, 1),
(99, 10, 72, 11, 5, 55, 1),
(100, 10, 32, 8, 28, 224, 1),
(101, 10, 74, 9, 29, 261, 1),
(102, 10, 75, 1, 55, 55, 1),
(104, 12, 76, 0, 70, 0, 1),
(105, 12, 77, 7, 12.5, 87.5, 1),
(106, 12, 78, 1, 26, 26, 1),
(107, 12, 79, 2, 31, 62, 1),
(108, 12, 80, 0, 46, 0, 1),
(109, 12, 81, 2, 168, 336, 1),
(110, 12, 83, 9, 17, 153, 1),
(111, 12, 86, 2, 55, 110, 1),
(112, 12, 87, 0, 84, 0, 1),
(113, 12, 88, 450, 0.7, 315, 1),
(114, 8, 90, 1, 85, 85, 1),
(115, 8, 84, 16, 140, 2240, 1),
(116, 8, 82, 1, 37, 37, 1),
(117, 7, 85, 4, 63, 252, 1),
(118, 7, 124, 1, 98, 98, 1),
(119, 12, 125, 4, 14.5, 58, 1),
(120, 12, 126, 4, 21, 84, 1),
(121, 12, 129, 2, 65, 130, 1),
(122, 12, 130, 1, 35, 35, 1),
(123, 13, 112, 3, 400, 1200, 1),
(124, 14, 81, 2, 168, 336, 1),
(125, 15, 106, 48, 55.5, 2664, 1),
(127, 17, 104, 1, 165, 165, 1),
(129, 19, 1, 5, 260, 1300, 1),
(130, 19, 11, 3, 65, 195, 1),
(131, 19, 132, 3, 10, 30, 1),
(132, 20, 135, 3, 96, 288, 1),
(133, 20, 112, 1, 450, 450, 1),
(134, 20, 82, 16, 37, 592, 1),
(135, 20, 103, 2, 118, 236, 1),
(136, 20, 28, 20, 38, 760, 1),
(137, 20, 133, 12, 220, 2640, 1),
(138, 20, 134, 6, 220, 1320, 1),
(139, 21, 136, 2, 190, 380, 1),
(140, 22, 1, 200, 257.5, 51500, 1),
(141, 22, 2, 35, 256, 8960, 1),
(142, 22, 4, 100, 265, 26500, 1),
(143, 22, 3, 75, 360, 27000, 1),
(144, 22, 6, 25, 770, 19250, 1),
(145, 22, 8, 100, 215, 21500, 1),
(146, 22, 9, 10, 480, 4800, 1),
(147, 22, 5, 5, 455, 2275, 1),
(148, 22, 10, 50, 84, 4200, 1),
(149, 22, 11, 24, 69.16, 1659.84, 1),
(150, 22, 12, 24, 39.16, 939.84, 1),
(151, 22, 15, 500, 3.6, 1800, 1),
(152, 22, 16, 200, 3.7, 740, 1),
(153, 22, 17, 100, 3.7, 370, 1),
(154, 22, 20, 40, 6.6, 264, 1),
(155, 22, 19, 30, 7.4, 222, 1),
(156, 22, 22, 30, 7.4, 222, 1),
(157, 22, 23, 30, 7.4, 222, 1),
(158, 22, 24, 20, 26, 520, 1),
(159, 22, 137, 20, 26, 520, 1),
(160, 22, 138, 10, 26, 260, 1),
(161, 22, 29, 10, 105, 1050, 1),
(162, 22, 27, 12, 78, 936, 1),
(163, 23, 30, 192, 43.64, 8378.88, 1),
(164, 23, 28, 120, 37.25, 4470, 1),
(165, 23, 26, 2520, 12.25, 30870, 1),
(166, 23, 25, 288, 37.24, 10725.1, 1),
(167, 24, 123, 24, 90, 2160, 1),
(168, 24, 119, 36, 68, 2448, 1),
(169, 24, 82, 50, 36, 1800, 1),
(170, 24, 84, 36, 142, 5112, 1),
(171, 24, 83, 120, 14, 1680, 1),
(172, 24, 124, 6, 95, 570, 1),
(173, 24, 35, 16, 222, 3552, 1),
(174, 22, 139, 24, 42.91, 1029.84, 1),
(175, 22, 140, 24, 60.41, 1449.84, 1),
(176, 22, 31, 24, 27.5, 660, 1),
(177, 22, 32, 24, 30, 720, 1),
(178, 22, 34, 5, 65, 325, 1),
(179, 22, 36, 10, 445, 4450, 1),
(180, 22, 40, 10, 26.6, 266, 1),
(181, 22, 141, 10, 30, 300, 1),
(182, 22, 42, 10, 26.5, 265, 1),
(183, 22, 142, 10, 30, 300, 1),
(184, 22, 46, 20, 6.5, 130, 1),
(185, 22, 48, 6, 20, 120, 1),
(186, 22, 49, 6, 25, 150, 1),
(187, 22, 50, 6, 35, 210, 1),
(188, 22, 143, 6, 55, 330, 1),
(189, 22, 144, 6, 75, 450, 1),
(190, 22, 52, 30, 25, 750, 1),
(191, 22, 125, 12, 14.5, 174, 1),
(192, 22, 126, 36, 21, 756, 1),
(193, 22, 127, 36, 23.5, 846, 1),
(194, 22, 128, 36, 32.5, 1170, 1),
(195, 22, 54, 12, 108, 1296, 1),
(196, 22, 57, 100, 16, 1600, 1),
(197, 22, 56, 100, 87, 8700, 1),
(198, 22, 58, 24, 110, 2640, 1),
(199, 22, 59, 24, 110, 2640, 1),
(200, 22, 60, 24, 110, 2640, 1),
(201, 22, 62, 10, 44.16, 441.6, 1),
(202, 22, 63, 10, 44.16, 441.6, 1),
(203, 22, 64, 10, 44.16, 441.6, 1),
(204, 22, 65, 32, 8.5, 272, 1),
(205, 22, 67, 15, 24.5, 367.5, 1),
(206, 22, 66, 20, 24.5, 490, 1),
(207, 22, 68, 12, 145, 1740, 1),
(208, 22, 70, 8, 85, 680, 1),
(209, 22, 145, 5, 98, 490, 1),
(210, 22, 73, 24, 4.5, 108, 1),
(211, 22, 72, 24, 4.5, 108, 1),
(212, 22, 75, 12, 44.16, 529.92, 1),
(213, 22, 146, 6, 95, 570, 1),
(214, 22, 130, 6, 36, 216, 1),
(215, 22, 147, 6, 18, 108, 1),
(216, 22, 76, 5, 55, 275, 1),
(217, 22, 77, 48, 12.91, 619.68, 1),
(218, 22, 78, 6, 22, 132, 1),
(219, 22, 79, 6, 31, 186, 1),
(220, 22, 80, 6, 44.16, 264.96, 1),
(221, 22, 81, 100, 167, 16700, 1),
(222, 22, 86, 30, 54, 1620, 1),
(223, 22, 87, 22, 74, 1628, 1),
(224, 22, 148, 36, 9.58, 344.88, 1),
(225, 22, 149, 12, 21, 252, 1),
(226, 22, 150, 6, 24.5, 147, 1),
(227, 22, 151, 6, 45, 270, 1),
(228, 22, 89, 500, 1.5, 750, 1),
(229, 22, 88, 250, 0.7, 175, 1),
(230, 22, 152, 250, 0.48, 120, 1),
(231, 22, 38, 48, 168, 8064, 1),
(232, 22, 153, 60, 12.5, 750, 1),
(233, 22, 132, 10, 9.58, 95.8, 1),
(234, 22, 154, 3, 32, 96, 1),
(235, 22, 155, 3, 58, 174, 1),
(236, 22, 156, 24, 3, 72, 1),
(240, 26, 113, 96, 230, 22080, 1),
(239, 26, 112, 60, 440, 26400, 1),
(241, 26, 98, 140, 46, 6440, 1),
(242, 26, 101, 232, 60.5, 14036, 1),
(243, 26, 102, 55, 136, 7480, 1),
(244, 26, 107, 48, 270, 12960, 1),
(245, 26, 109, 20, 28, 560, 1),
(246, 26, 111, 20, 645, 12900, 1),
(247, 26, 100, 24, 218, 5232, 1),
(248, 26, 91, 192, 48.7, 9350.4, 1),
(249, 26, 92, 108, 27.27, 2945.16, 1),
(250, 26, 93, 60, 30.8, 1848, 1),
(251, 26, 97, 60, 27.1, 1626, 1),
(252, 26, 96, 24, 28, 672, 1),
(253, 26, 103, 6, 118, 708, 1),
(254, 26, 105, 192, 55.2, 10598.4, 1),
(255, 26, 85, 36, 62, 2232, 1),
(256, 26, 90, 10, 84, 840, 1),
(257, 26, 134, 12, 220, 2640, 1),
(258, 26, 158, 12, 80.2, 962.4, 1),
(259, 26, 159, 25, 96.6, 2415, 1),
(260, 27, 160, 5, 620, 3100, 1),
(261, 27, 157, 48, 24, 1152, 1),
(262, 27, 14, 18, 255, 4590, 1),
(263, 28, 104, 2, 165, 330, 1),
(264, 29, 104, 1, 120, 120, 1),
(265, 29, 160, 1, 600, 600, 1),
(266, 29, 165, 2, 24, 48, 1),
(269, 31, 99, 10, 47, 470, 1),
(268, 30, 41, 1, 350, 350, 1),
(270, 31, 133, 4, 195, 780, 1),
(271, 31, 54, 12, 145, 1740, 1),
(272, 32, 167, 36, 63, 2268, 1),
(273, 32, 153, 120, 13.75, 1650, 1),
(274, 32, 157, 120, 23.3333, 2800, 1),
(275, 32, 166, 60, 7.66666, 460, 1),
(276, 32, 67, 10, 25, 250, 1),
(277, 32, 66, 30, 25, 750, 1),
(278, 32, 136, 12, 190, 2280, 1),
(279, 33, 168, 200, 39, 7800, 1),
(280, 34, 124, 3, 98, 294, 1),
(281, 34, 82, 16, 37, 592, 1),
(282, 34, 133, 3, 220, 660, 1),
(283, 35, 169, 36, 12.5, 450, 1),
(288, 40, 174, 2, 158, 316, 1),
(287, 39, 173, 5, 300, 1500, 1),
(289, 40, 16, 20, 4, 80, 1),
(290, 40, 175, 12, 265, 3180, 1),
(291, 40, 176, 4, 180, 720, 1),
(292, 40, 177, 2, 310, 620, 1),
(293, 41, 66, 15, 43.5, 652.5, 1),
(294, 41, 16, 100, 3.2, 320, 1),
(295, 42, 98, 20, 46, 920, 1),
(296, 43, 178, 1, 20, 20, 1),
(297, 44, 179, 120, 9.5, 1140, 1),
(298, 45, 174, 3, 158, 474, 1),
(299, 45, 98, 40, 46, 1840, 1),
(300, 46, 10, 60, 83, 4980, 1),
(301, 46, 179, 288, 5.764, 1660.03, 1),
(302, 47, 104, 4, 130, 520, 1),
(303, 48, 98, 40, 46, 1840, 1),
(304, 49, 160, 5, 600, 3000, 1),
(305, 50, 26, 1440, 12.25, 17640, 1),
(306, 51, 165, 4, 24, 96, 1),
(307, 52, 178, 2, 25, 50, 1),
(308, 53, 68, 2, 170, 340, 1),
(309, 54, 1, 120, 260, 31200, 1),
(310, 55, 26, 0, 12.25, 0, 1),
(311, 56, 98, 20, 46, 920, 1),
(312, 57, 105, 96, 55.5, 5328, 1),
(313, 59, 26, 2880, 12.25, 35280, 1),
(314, 59, 25, 48, 38, 1824, 1),
(315, 60, 98, 40, 46, 1840, 1),
(316, 60, 105, 84, 55.5, 4662, 1),
(317, 61, 103, 5, 120, 600, 1),
(318, 62, 99, 10, 48, 480, 1),
(320, 64, 35, 16, 218, 3488, 1),
(321, 65, 129, 10, 65, 650, 1),
(323, 68, 183, 3, 165, 495, 1),
(324, 65, 69, 6, 145, 870, 1),
(325, 65, 45, 5, 34, 170, 1),
(326, 65, 178, 12, 25, 300, 1),
(327, 65, 182, 6, 65, 390, 1),
(328, 65, 76, 6, 70, 420, 1),
(329, 65, 54, 12, 130, 1560, 1),
(330, 65, 180, 5, 98, 490, 1),
(334, 74, 83, 100, 14, 1400, 1),
(332, 71, 177, 1, 270, 270, 1),
(333, 72, 45, 1, 34, 34, 1),
(335, 65, 15, 240, 3.6, 864, 1),
(336, 65, 57, 40, 15.75, 630, 1),
(337, 75, 116, 4, 50, 200, 1),
(338, 76, 104, 1, 140, 70, 1),
(339, 77, 185, 1, 270, 270, 1),
(340, 78, 186, 1, 135, 135, 1),
(341, 79, 107, 24, 272, 6528, 1),
(342, 80, 98, 40, 46, 1840, 1),
(343, 81, 101, 80, 60, 4800, 1),
(344, 82, 25, 40, 38, 1520, 1),
(345, 83, 139, 12, 42.91, 514.92, 1),
(346, 83, 187, 120, 5, 600, 1),
(347, 83, 89, 350, 1.5, 525, 1),
(348, 84, 101, 16, 61, 976, 1),
(349, 84, 103, 2, 165, 330, 1),
(350, 83, 3, 44, 356, 15664, 1),
(351, 83, 54, 12, 130, 1560, 1),
(352, 83, 188, 12, 280, 3360, 1),
(353, 85, 28, 16, 38, 608, 1),
(354, 86, 176, 4, 180, 720, 1),
(355, 86, 177, 2, 310, 620, 1),
(356, 86, 189, 12, 65, 780, 1),
(357, 86, 82, 13, 37, 481, 1),
(358, 86, 101, 8, 61, 488, 1),
(359, 86, 98, 10, 46, 460, 1),
(360, 87, 3, 5, 363, 1815, 1),
(374, 83, 191, 12, 17, 204, 1),
(373, 83, 190, 10, 60, 600, 1),
(372, 83, 86, 12, 55, 660, 1),
(371, 83, 179, 240, 6, 1440, 1),
(370, 79, 113, 24, 225, 5400, 1),
(369, 79, 105, 48, 55, 2640, 1),
(368, 79, 35, 16, 218, 3488, 1),
(375, 87, 103, 2, 165, 330, 1),
(376, 89, 192, 12, 9, 108, 1),
(377, 89, 129, 10, 65, 650, 1),
(378, 89, 193, 50, 83, 4150, 1),
(379, 89, 10, 50, 83, 4150, 1),
(380, 89, 45, 12, 31, 372, 1),
(381, 89, 181, 12, 105, 1260, 1),
(382, 90, 68, 12, 145, 1740, 1),
(383, 90, 69, 12, 320, 3840, 1),
(384, 90, 179, 288, 5.83, 1679.04, 1),
(385, 90, 20, 50, 7.6, 380, 1),
(386, 90, 178, 24, 18, 432, 1),
(387, 90, 194, 20, 55, 1100, 1),
(388, 91, 1, 150, 260, 39000, 1),
(389, 91, 2, 50, 257, 12850, 1),
(390, 91, 3, 100, 360, 36000, 1),
(391, 91, 9, 10, 485, 4850, 1),
(392, 91, 15, 500, 3.6, 1800, 1),
(393, 91, 16, 300, 3.6, 1080, 1),
(394, 91, 27, 12, 77, 924, 1),
(395, 91, 46, 10, 6.5, 65, 1),
(396, 91, 129, 80, 25, 2000, 1),
(397, 91, 54, 20, 105, 2100, 1),
(398, 91, 56, 100, 95, 9500, 1),
(399, 91, 57, 200, 17.5, 3500, 1),
(400, 91, 145, 3, 125, 375, 1),
(401, 91, 72, 9, 5, 45, 1),
(402, 91, 73, 12, 4.5, 54, 1),
(403, 91, 53, 6, 28, 168, 1),
(404, 91, 61, 6, 85, 510, 1),
(405, 92, 77, 120, 13, 1560, 1),
(406, 92, 127, 24, 26, 624, 1),
(407, 92, 128, 12, 35, 420, 1),
(408, 93, 183, 12, 55, 660, 1),
(409, 94, 103, 3, 160, 480, 1),
(410, 95, 104, 3, 130, 390, 1),
(411, 95, 35, 16, 220, 3520, 1),
(412, 95, 136, 12, 180, 2160, 1),
(413, 95, 116, 12, 40, 480, 1),
(414, 95, 123, 12, 88, 1056, 1),
(415, 95, 160, 4, 590, 2360, 1),
(416, 95, 195, 100, 2.2, 220, 1),
(417, 95, 25, 96, 39, 3744, 1),
(418, 95, 98, 60, 46, 2760, 1),
(419, 95, 81, 20, 167, 3340, 1),
(420, 95, 213, 100, 3, 300, 1),
(421, 96, 214, 20, 19, 380, 1),
(422, 96, 215, 10, 20, 200, 1),
(423, 92, 182, 5, 65, 325, 1),
(424, 92, 216, 10, 30, 300, 1),
(425, 92, 166, 36, 7.65, 275.4, 1),
(426, 92, 31, 10, 28, 280, 1),
(427, 92, 76, 2, 70, 140, 1),
(428, 92, 217, 1, 310, 310, 1),
(429, 97, 35, 16, 230, 3680, 1),
(430, 97, 105, 48, 55.5, 2664, 1),
(431, 97, 28, 26, 39, 1014, 1),
(432, 97, 134, 12, 220, 2640, 1),
(433, 97, 103, 3, 160, 480, 1),
(434, 98, 98, 40, 46, 1840, 1),
(435, 98, 102, 12, 135, 1620, 1),
(436, 98, 25, 48, 39, 1872, 1),
(437, 98, 101, 24, 61, 1464, 1),
(438, 98, 28, 20, 39, 780, 1),
(439, 98, 121, 12, 48, 576, 1),
(440, 98, 35, 16, 223, 3568, 1),
(441, 98, 81, 12, 168, 2016, 1),
(442, 92, 52, 50, 30, 1500, 1),
(443, 83, 31, 10, 28, 280, 1),
(444, 98, 104, 2, 130, 260, 1),
(445, 98, 160, 1, 620, 620, 1),
(446, 98, 82, 10, 37, 370, 1),
(519, 103, 141, 1, 35, 35, 1),
(518, 103, 104, 3, 130, 390, 1),
(517, 103, 31, 2, 45, 90, 1),
(516, 103, 101, 8, 63, 504, 1),
(515, 103, 28, 4, 43, 172, 1),
(514, 103, 104, 1, 130, 130, 1),
(513, 103, 218, 1, 50, 50, 1),
(512, 103, 183, 1, 95, 95, 1),
(511, 103, 65, 8, 12, 96, 1),
(510, 103, 82, 24, 38, 912, 1),
(509, 103, 119, 12, 68, 816, 1),
(508, 103, 101, 40, 61, 2440, 1),
(507, 103, 81, 24, 166, 3984, 1),
(506, 103, 25, 48, 38, 1824, 1),
(505, 103, 105, 96, 55, 5280, 1),
(504, 103, 98, 40, 46, 1840, 1),
(503, 103, 102, 24, 135, 3240, 1),
(502, 103, 101, 80, 61, 4880, 1),
(501, 103, 105, 96, 55, 5280, 1),
(500, 103, 98, 40, 46, 1840, 1),
(499, 103, 82, 24, 36, 864, 1),
(498, 103, 83, 80, 16, 1280, 1),
(497, 103, 116, 6, 40, 240, 1),
(496, 103, 219, 2, 220, 440, 1),
(495, 103, 112, 4, 380, 1520, 1),
(494, 103, 103, 1, 165, 165, 1),
(493, 103, 76, 1, 80, 80, 1),
(492, 103, 66, 1, 50, 50, 1),
(491, 103, 99, 10, 46, 460, 1),
(490, 103, 133, 4, 200, 800, 1),
(478, 100, 31, 2, 35, 70, 1),
(479, 100, 27, 3, 95, 285, 1),
(480, 100, 76, 4, 70, 280, 1),
(481, 101, 112, 2, 395, 790, 1),
(482, 101, 103, 2, 160, 320, 1),
(483, 102, 65, 48, 8, 384, 1),
(484, 102, 179, 216, 7.5, 1620, 1),
(485, 102, 27, 12, 75, 900, 1),
(486, 102, 29, 12, 87, 1044, 1),
(487, 102, 16, 200, 3.8, 760, 1),
(488, 102, 10, 12, 85, 1020, 1),
(489, 100, 76, 1, 80, 80, 1),
(520, 103, 67, 3, 35, 105, 1),
(521, 103, 107, 24, 274, 6576, 1),
(522, 103, 91, 24, 51.67, 1240.08, 1),
(523, 103, 98, 40, 46, 1840, 1),
(524, 103, 102, 12, 135, 1620, 1),
(525, 103, 25, 48, 39, 1872, 1),
(526, 103, 101, 24, 61, 1464, 1),
(527, 103, 28, 20, 39, 780, 1),
(528, 103, 121, 12, 48, 576, 1),
(529, 103, 35, 16, 223, 3568, 1),
(530, 103, 81, 12, 168, 2016, 1),
(531, 103, 25, 20, 38, 760, 1),
(532, 103, 26, 144, 12.5, 1800, 1),
(533, 103, 28, 10, 38, 380, 1),
(534, 103, 31, 7, 30, 210, 1),
(535, 104, 26, 72, 12.5, 900, 1),
(536, 104, 220, 36, 104, 3744, 1),
(537, 104, 221, 70, 7, 490, 1),
(538, 104, 25, 30, 38, 1140, 1),
(539, 104, 112, 2, 420, 840, 1),
(540, 104, 81, 12, 167, 2004, 1),
(541, 104, 30, 4, 47.5, 190, 1),
(542, 105, 26, 12, 12.25, 147, 1),
(543, 104, 101, 56, 61, 3416, 1),
(544, 104, 28, 4, 39, 156, 1),
(545, 106, 177, 1, 110, 110, 1),
(546, 106, 116, 1, 50, 50, 1),
(547, 106, 118, 1, 185, 185, 1),
(548, 102, 89, 400, 1.5, 600, 1),
(549, 107, 112, 4, 380, 1520, 1),
(550, 108, 10, 4, 83, 332, 1),
(551, 108, 112, 1, 400, 400, 1);

-- --------------------------------------------------------

--
-- Table structure for table `roles`
--

CREATE TABLE IF NOT EXISTS `roles` (
  `role_id` int(11) NOT NULL AUTO_INCREMENT,
  `role` varchar(100) NOT NULL,
  `status` int(11) NOT NULL,
  PRIMARY KEY (`role_id`)
) ENGINE=InnoDB  DEFAULT CHARSET=latin1 AUTO_INCREMENT=6 ;

--
-- Dumping data for table `roles`
--

INSERT INTO `roles` (`role_id`, `role`, `status`) VALUES
(1, 'Administrator', 1),
(2, 'Developer', 1),
(3, 'Content Manager', 1),
(4, 'Management', 1),
(5, 'Just Viewer', 1);

-- --------------------------------------------------------

--
-- Table structure for table `role_permission_relation`
--

CREATE TABLE IF NOT EXISTS `role_permission_relation` (
  `id` int(11) NOT NULL AUTO_INCREMENT,
  `role_id` int(11) NOT NULL,
  `permission` text NOT NULL,
  PRIMARY KEY (`id`)
) ENGINE=InnoDB  DEFAULT CHARSET=latin1 AUTO_INCREMENT=6 ;

--
-- Dumping data for table `role_permission_relation`
--

INSERT INTO `role_permission_relation` (`id`, `role_id`, `permission`) VALUES
(1, 1, ',manage_product,manage_user,'),
(2, 2, ',manage_home,manage_product,manage_closing,add_drawing,add_expences,add_banking,add_final_closing,closing_report,'),
(3, 3, ',manage_home,edit_profile,change_password,manager_supplier,add_supplier,edit_supplier,delete_supplier,supplier_details,manage_customer,add_customer,edit_customer,ledger_customer,delete_customer,manage_purchase,add_purchase,edit_purchase,delete_purchase,purchase_details,print_purchase,manage_invoice,add_invoice,edit_invoice,delete_invoice,manage_report,stock_report,todays_sale_report,todays_purchase_report,date_wise_report,manage_product,add_product,edit_product,delete_product,price_assign,new_price_assign,manage_receipt,add_receipt,edit_receipt,receipt_details,manage_auth_person,add_auth_person,edit_auth_person,Delete Auth Person,'),
(4, 4, ',manage_home,edit_profile,change_password,manager_supplier,add_supplier,edit_supplier,delete_supplier,supplier_details,manage_customer,add_customer,edit_customer,ledger_customer,delete_customer,manage_purchase,add_purchase,edit_purchase,delete_purchase,purchase_details,print_purchase,manage_invoice,add_invoice,edit_invoice,delete_invoice,manage_report,stock_report,todays_sale_report,todays_purchase_report,date_wise_report,manage_product,add_product,edit_product,delete_product,price_assign,new_price_assign,manage_receipt,add_receipt,edit_receipt,receipt_details,manage_auth_person,add_auth_person,edit_auth_person,Delete Auth Person,'),
(5, 5, ',manage_home,edit_profile,change_password,manager_supplier,supplier_details,manage_customer,ledger_customer,manage_purchase,purchase_details,print_purchase,manage_invoice,manage_report,stock_report,todays_sale_report,todays_purchase_report,date_wise_report,manage_product,manage_receipt,receipt_details,');

-- --------------------------------------------------------

--
-- Table structure for table `supplier_information`
--

CREATE TABLE IF NOT EXISTS `supplier_information` (
  `supplier_id` int(11) NOT NULL AUTO_INCREMENT,
  `supplier_name` varchar(255) NOT NULL,
  `address` varchar(255) NOT NULL,
  `mobile` varchar(100) NOT NULL,
  `details` varchar(255) NOT NULL,
  `status` int(2) NOT NULL,
  KEY `supplier_id` (`supplier_id`)
) ENGINE=MyISAM  DEFAULT CHARSET=latin1 AUTO_INCREMENT=21 ;

--
-- Dumping data for table `supplier_information`
--

INSERT INTO `supplier_information` (`supplier_id`, `supplier_name`, `address`, `mobile`, `details`, `status`) VALUES
(1, 'Sultan stationary', 'Babubazar,Dhaka', '01819197503', 'All stationary Iteam', 1),
(11, 'Bashundhara Paper Mill', 'Merul Badda', '01914788547', 'All Tissue Paper', 1),
(9, 'Reckitt Benckiser', 'Gulshan 1', '01777759020', 'Cleaners item ', 1),
(10, 'M M Ispahani', 'Badda Link Road', '01937900442', 'Food Item', 1),
(12, 'ACI Limited', 'Gulshan 1', '01688524045', 'All ACI Product ', 1),
(13, 'Unilever Bangladesh', 'Gulahan 1', '01917657447', 'All Unilever Product ', 1),
(14, ' Danish Condensed Milk BD Limited', 'Gulshan 1 DCC ', '01721503568', 'Condensed Milk ', 1),
(15, 'Sugar Fresh', 'Notun Bazar', '01766676948', 'All Fresh Product', 1),
(16, 'A R Enterprice ', 'North Badda ', '01687220492', '', 1),
(17, 'Local', 'Kawranbazar', '00', 'Ginger', 1),
(18, 'Smart Technologies(BD) Ltd.', 'Yakub South Center, 67/D(old), 156(New), Mirpur Road(2nd foor), Lake Circus, Kalabagan, Dhaka-1205', '01755606282', 'Eletronics', 1),
(19, 'Panaroma Computer', 'Multiplan Center, level -8, New Elephant road, Dhaka-1205', '01678684141', 'Electronic ', 1);

-- --------------------------------------------------------

--
-- Table structure for table `users`
--

CREATE TABLE IF NOT EXISTS `users` (
  `user_id` int(11) NOT NULL AUTO_INCREMENT,
  `last_name` varchar(255) NOT NULL,
  `first_name` varchar(255) NOT NULL,
  `designition` varchar(100) NOT NULL,
  `address` varchar(200) NOT NULL,
  `image` varchar(100) NOT NULL,
  `image_path` varchar(100) NOT NULL,
  `status` int(2) NOT NULL,
  PRIMARY KEY (`user_id`)
) ENGINE=MyISAM  DEFAULT CHARSET=latin1 AUTO_INCREMENT=15 ;

--
-- Dumping data for table `users`
--

INSERT INTO `users` (`user_id`, `last_name`, `first_name`, `designition`, `address`, `image`, `image_path`, `status`) VALUES
(1, 'Site', 'Admin', '', '', '0', '', 1),
(3, 'Khanam', 'Rokshana ', 'Accountant', 'Dhaka', '0', '127', 1),
(12, 'Nasrin', 'Nishat', 'Manager(Supply Chain)', 'Dhaka', '', '', 1),
(11, 'Shovon', 'Mahmud', 'EBD', 'Dhaka', '', '', 1),
(10, 'Ahmed', 'Monir', 'Delivery Man', 'Akmatro.com', '', '', 1),
(13, 'Hossain', 'Anamul', 'Accountant', 'Dhaka', '', '', 1),
(14, 'Hossain', 'Alamin', 'Content Manager', 'Dhaka', '', '', 1);

-- --------------------------------------------------------

--
-- Table structure for table `user_login`
--

CREATE TABLE IF NOT EXISTS `user_login` (
  `user_id` int(11) NOT NULL,
  `username` varchar(255) NOT NULL,
  `password` varchar(255) NOT NULL,
  `user_type` int(2) NOT NULL,
  `is_active` tinyint(1) NOT NULL,
  `can_login` tinyint(1) NOT NULL,
  `security_code` varchar(255) NOT NULL,
  PRIMARY KEY (`user_id`)
) ENGINE=MyISAM DEFAULT CHARSET=latin1;

--
-- Dumping data for table `user_login`
--

INSERT INTO `user_login` (`user_id`, `username`, `password`, `user_type`, `is_active`, `can_login`, `security_code`) VALUES
(1, 'admin@admin.com', '77620c4227f43d25a979a79d23569166', 0, 1, 1, ''),
(13, 'anamul@akmatro.com', '8dd57884e6505457c34f313c1154237f', 2, 1, 1, ''),
(3, 'rokshana@akmatro.com', '36849f128f5cdf86dce02f9aa71b559f', 2, 0, 0, ''),
(12, 'nishat@akmatro.com', 'f6c6fbe99415aefd31bcae9c4f50cea0', 2, 1, 1, ''),
(11, 'shovon@akmatro.com', '8dd57884e6505457c34f313c1154237f', 2, 0, 0, ''),
(10, 'monir@inventory.com ', 'c1c915b48bf8e88a64aac6248ed3a911', 2, 0, 0, ''),
(14, 'alamin@akmatro.com', '3e6e23fd3e1c937356ce2743e50e76f5', 2, 1, 1, '');

-- --------------------------------------------------------

--
-- Table structure for table `user_role_relation`
--

CREATE TABLE IF NOT EXISTS `user_role_relation` (
  `id` int(11) NOT NULL AUTO_INCREMENT,
  `user_id` int(11) NOT NULL,
  `role_id` int(11) NOT NULL,
  PRIMARY KEY (`id`)
) ENGINE=InnoDB  DEFAULT CHARSET=latin1 AUTO_INCREMENT=12 ;

--
-- Dumping data for table `user_role_relation`
--

INSERT INTO `user_role_relation` (`id`, `user_id`, `role_id`) VALUES
(1, 1, 1),
(2, 3, 4),
(7, 10, 3),
(8, 11, 4),
(9, 12, 4),
(10, 13, 5),
(11, 14, 3);

/*!40101 SET CHARACTER_SET_CLIENT=@OLD_CHARACTER_SET_CLIENT */;
/*!40101 SET CHARACTER_SET_RESULTS=@OLD_CHARACTER_SET_RESULTS */;
/*!40101 SET COLLATION_CONNECTION=@OLD_COLLATION_CONNECTION */;
